group,victim,date,country,activity,data_type,subject
incransom,pharma5.ma,2026-09-25,MA,Unknown,Personal data (PII),Individuals (unspecified)
incransom,pharma5.ma,2026-09-25,MA,Unknown,Employee / HR,Employees
incransom,pharma5.ma,2026-09-25,MA,Unknown,Financial,Company
incransom,pharma5.ma,2026-09-25,MA,Unknown,Intellectual property / technical,Company
incransom,pharma5.ma,2026-09-25,MA,Unknown,Corporate confidential,Company
akira,Wallatec,2026-09-24,,Manufacturing,Personal data (PII),Individuals (unspecified)
akira,Wallatec,2026-09-24,,Manufacturing,Employee / HR,Employees
akira,Wallatec,2026-09-24,,Manufacturing,Financial,Company
akira,Wallatec,2026-09-24,,Manufacturing,Customer data,Customers
akira,Wallatec,2026-09-24,,Manufacturing,Corporate confidential,Company
akira,Strack Companies,2026-09-24,,Construction,Employee / HR,Employees
akira,Strack Companies,2026-09-24,,Construction,Financial,Company
akira,Strack Companies,2026-09-24,,Construction,Customer data,Customers
akira,Strack Companies,2026-09-24,,Construction,Legal / contracts,Company
akira,Strack Companies,2026-09-24,,Construction,Intellectual property / technical,Company
akira,Strack Companies,2026-09-24,,Construction,Corporate confidential,Company
incransom,Lemon Law,2026-09-23,US,Unknown,Personal data (PII),Individuals (unspecified)
incransom,Lemon Law,2026-09-23,US,Unknown,Employee / HR,Employees
incransom,Lemon Law,2026-09-23,US,Unknown,Financial,Company
incransom,Lemon Law,2026-09-23,US,Unknown,Customer data,Customers
incransom,Lemon Law,2026-09-23,US,Unknown,Legal / contracts,Company
incransom,Lemon Law,2026-09-23,US,Unknown,Corporate confidential,Company
akira,Urban Engineering,2026-09-23,,Unknown,Employee / HR,Employees
akira,Urban Engineering,2026-09-23,,Unknown,Financial,Company
akira,Urban Engineering,2026-09-23,,Unknown,Legal / contracts,Company
akira,Urban Engineering,2026-09-23,,Unknown,Corporate confidential,Company
akira,HIT dd,2026-09-23,SI,Hospitality & Leisure,Personal data (PII),Individuals (unspecified)
akira,HIT dd,2026-09-23,SI,Hospitality & Leisure,Employee / HR,Employees
akira,HIT dd,2026-09-23,SI,Hospitality & Leisure,Financial,Company
akira,HIT dd,2026-09-23,SI,Hospitality & Leisure,Customer data,Customers
akira,HIT dd,2026-09-23,SI,Hospitality & Leisure,Legal / contracts,Company
akira,HIT dd,2026-09-23,SI,Hospitality & Leisure,Corporate confidential,Company
akira,Apex Litigation Support,2026-09-23,,Business Services,Personal data (PII),Individuals (unspecified)
akira,Apex Litigation Support,2026-09-23,,Business Services,Employee / HR,Employees
akira,Apex Litigation Support,2026-09-23,,Business Services,Financial,Company
akira,Apex Litigation Support,2026-09-23,,Business Services,Customer data,Customers
akira,Apex Litigation Support,2026-09-23,,Business Services,Legal / contracts,Company
akira,Apex Litigation Support,2026-09-23,,Business Services,Corporate confidential,Company
akira,TDMI,2026-09-22,,Manufacturing,Personal data (PII),Individuals (unspecified)
akira,TDMI,2026-09-22,,Manufacturing,Employee / HR,Employees
akira,TDMI,2026-09-22,,Manufacturing,Financial,Company
akira,TDMI,2026-09-22,,Manufacturing,Customer data,Customers
akira,TDMI,2026-09-22,,Manufacturing,Legal / contracts,Company
akira,TDMI,2026-09-22,,Manufacturing,Corporate confidential,Company
akira,DI.C.S.EL. S.R.L.,2026-09-22,,Unknown,Personal data (PII),Individuals (unspecified)
akira,DI.C.S.EL. S.R.L.,2026-09-22,,Unknown,Employee / HR,Employees
akira,DI.C.S.EL. S.R.L.,2026-09-22,,Unknown,Financial,Company
akira,DI.C.S.EL. S.R.L.,2026-09-22,,Unknown,Legal / contracts,Company
akira,DI.C.S.EL. S.R.L.,2026-09-22,,Unknown,Corporate confidential,Company
akira,Coe Press Equipment,2026-09-22,,Manufacturing,Personal data (PII),Individuals (unspecified)
akira,Coe Press Equipment,2026-09-22,,Manufacturing,Employee / HR,Employees
akira,Coe Press Equipment,2026-09-22,,Manufacturing,Financial,Company
akira,Coe Press Equipment,2026-09-22,,Manufacturing,Customer data,Customers
akira,Coe Press Equipment,2026-09-22,,Manufacturing,Legal / contracts,Company
akira,Coe Press Equipment,2026-09-22,,Manufacturing,Corporate confidential,Company
play,Metallco,2026-09-21,NO,Unknown,Personal data (PII),Individuals (unspecified)
play,Metallco,2026-09-21,NO,Unknown,Employee / HR,Employees
play,Metallco,2026-09-21,NO,Unknown,Financial,Company
play,Metallco,2026-09-21,NO,Unknown,Customer data,Customers
play,Metallco,2026-09-21,NO,Unknown,Corporate confidential,Company
play,Hurley,2026-09-21,US,Construction,Personal data (PII),Individuals (unspecified)
play,Hurley,2026-09-21,US,Construction,Employee / HR,Employees
play,Hurley,2026-09-21,US,Construction,Financial,Company
play,Hurley,2026-09-21,US,Construction,Customer data,Customers
play,Hurley,2026-09-21,US,Construction,Corporate confidential,Company
akira,Prestige Management,2026-09-21,,Real Estate,Employee / HR,Employees
akira,Prestige Management,2026-09-21,,Real Estate,Financial,Company
akira,Prestige Management,2026-09-21,,Real Estate,Customer data,Customers
akira,Prestige Management,2026-09-21,,Real Estate,Corporate confidential,Company
incransom,Maryann Kriger,2026-09-20,US,Technology,Customer data,Customers
incransom,Maryann Kriger,2026-09-20,US,Technology,Medical (PHI),Customers
play,Vista Plastic Solutions,2026-09-18,CA,Manufacturing,Personal data (PII),Individuals (unspecified)
play,Vista Plastic Solutions,2026-09-18,CA,Manufacturing,Employee / HR,Employees
play,Vista Plastic Solutions,2026-09-18,CA,Manufacturing,Financial,Company
play,Vista Plastic Solutions,2026-09-18,CA,Manufacturing,Customer data,Customers
play,Vista Plastic Solutions,2026-09-18,CA,Manufacturing,Corporate confidential,Company
play,Inglewood Golf,2026-09-18,CA,Hospitality & Leisure,Personal data (PII),Individuals (unspecified)
play,Inglewood Golf,2026-09-18,CA,Hospitality & Leisure,Employee / HR,Employees
play,Inglewood Golf,2026-09-18,CA,Hospitality & Leisure,Financial,Company
play,Inglewood Golf,2026-09-18,CA,Hospitality & Leisure,Customer data,Customers
play,Inglewood Golf,2026-09-18,CA,Hospitality & Leisure,Corporate confidential,Company
play,Barrett Mahony Consulting Engineers,2026-09-18,IE,Construction,Personal data (PII),Individuals (unspecified)
play,Barrett Mahony Consulting Engineers,2026-09-18,IE,Construction,Employee / HR,Employees
play,Barrett Mahony Consulting Engineers,2026-09-18,IE,Construction,Financial,Company
play,Barrett Mahony Consulting Engineers,2026-09-18,IE,Construction,Customer data,Customers
play,Barrett Mahony Consulting Engineers,2026-09-18,IE,Construction,Corporate confidential,Company
akira,Anderson Industries,2026-09-18,,Manufacturing,Personal data (PII),Individuals (unspecified)
akira,Anderson Industries,2026-09-18,,Manufacturing,Employee / HR,Employees
akira,Anderson Industries,2026-09-18,,Manufacturing,Financial,Company
akira,Anderson Industries,2026-09-18,,Manufacturing,Customer data,Customers
akira,Anderson Industries,2026-09-18,,Manufacturing,Legal / contracts,Company
akira,Anderson Industries,2026-09-18,,Manufacturing,Corporate confidential,Company
akira,Vetta,2026-09-17,,Technology,Customer data,Customers
akira,Vetta,2026-09-17,,Technology,Corporate confidential,Company
akira,Practice Management (maximized revenue.com),2026-09-17,,Healthcare,Personal data (PII),Individuals (unspecified)
akira,Practice Management (maximized revenue.com),2026-09-17,,Healthcare,Employee / HR,Employees
akira,Practice Management (maximized revenue.com),2026-09-17,,Healthcare,Customer data,Customers
akira,Practice Management (maximized revenue.com),2026-09-17,,Healthcare,Corporate confidential,Company
akira,Javep Chevrolet,2026-09-17,,Unknown,Personal data (PII),Individuals (unspecified)
akira,Javep Chevrolet,2026-09-17,,Unknown,Employee / HR,Employees
akira,Javep Chevrolet,2026-09-17,,Unknown,Customer data,Customers
akira,Javep Chevrolet,2026-09-17,,Unknown,Legal / contracts,Company
akira,Javep Chevrolet,2026-09-17,,Unknown,Corporate confidential,Company
akira,Manders,2026-09-16,,Construction,Personal data (PII),Individuals (unspecified)
akira,Manders,2026-09-16,,Construction,Employee / HR,Employees
akira,Manders,2026-09-16,,Construction,Financial,Company
akira,Manders,2026-09-16,,Construction,Customer data,Customers
akira,Manders,2026-09-16,,Construction,Legal / contracts,Company
akira,Manders,2026-09-16,,Construction,Corporate confidential,Company
akira,Blossomland Accounting,2026-09-16,,Business Services,Personal data (PII),Individuals (unspecified)
akira,Blossomland Accounting,2026-09-16,,Business Services,Employee / HR,Employees
akira,Blossomland Accounting,2026-09-16,,Business Services,Financial,Company
akira,Blossomland Accounting,2026-09-16,,Business Services,Customer data,Customers
akira,Blossomland Accounting,2026-09-16,,Business Services,Legal / contracts,Company
akira,Blossomland Accounting,2026-09-16,,Business Services,Corporate confidential,Company
akira,Bee Maid Honey,2026-09-16,CA,Business Services,Personal data (PII),Individuals (unspecified)
akira,Bee Maid Honey,2026-09-16,CA,Business Services,Employee / HR,Employees
akira,Bee Maid Honey,2026-09-16,CA,Business Services,Financial,Company
akira,Bee Maid Honey,2026-09-16,CA,Business Services,Legal / contracts,Company
akira,Bee Maid Honey,2026-09-16,CA,Business Services,Corporate confidential,Company
akira,Southern California Telephone Company,2026-09-15,,Technology,Personal data (PII),Individuals (unspecified)
akira,Southern California Telephone Company,2026-09-15,,Technology,Employee / HR,Employees
akira,Southern California Telephone Company,2026-09-15,,Technology,Customer data,Customers
akira,Southern California Telephone Company,2026-09-15,,Technology,Legal / contracts,Company
akira,Southern California Telephone Company,2026-09-15,,Technology,Corporate confidential,Company
akira,Pilot Precision,2026-09-15,,Manufacturing,Personal data (PII),Individuals (unspecified)
akira,Pilot Precision,2026-09-15,,Manufacturing,Employee / HR,Employees
akira,Pilot Precision,2026-09-15,,Manufacturing,Financial,Company
akira,Pilot Precision,2026-09-15,,Manufacturing,Customer data,Customers
akira,Pilot Precision,2026-09-15,,Manufacturing,Legal / contracts,Company
akira,Pilot Precision,2026-09-15,,Manufacturing,Corporate confidential,Company
akira,Lazyboyz,2026-09-15,,Unknown,Personal data (PII),Individuals (unspecified)
akira,Lazyboyz,2026-09-15,,Unknown,Employee / HR,Employees
akira,Lazyboyz,2026-09-15,,Unknown,Financial,Company
akira,Lazyboyz,2026-09-15,,Unknown,Legal / contracts,Company
akira,Lazyboyz,2026-09-15,,Unknown,Corporate confidential,Company
play,Sys-kool,2026-09-10,US,Manufacturing,Personal data (PII),Individuals (unspecified)
play,Sys-kool,2026-09-10,US,Manufacturing,Employee / HR,Employees
play,Sys-kool,2026-09-10,US,Manufacturing,Financial,Company
play,Sys-kool,2026-09-10,US,Manufacturing,Customer data,Customers
play,Sys-kool,2026-09-10,US,Manufacturing,Corporate confidential,Company
play,Grunthal Welding & Supplies,2026-09-10,CA,Manufacturing,Personal data (PII),Individuals (unspecified)
play,Grunthal Welding & Supplies,2026-09-10,CA,Manufacturing,Employee / HR,Employees
play,Grunthal Welding & Supplies,2026-09-10,CA,Manufacturing,Financial,Company
play,Grunthal Welding & Supplies,2026-09-10,CA,Manufacturing,Customer data,Customers
play,Grunthal Welding & Supplies,2026-09-10,CA,Manufacturing,Corporate confidential,Company
akira,George Cameron Nash,2026-09-10,,Manufacturing,Personal data (PII),Individuals (unspecified)
akira,George Cameron Nash,2026-09-10,,Manufacturing,Employee / HR,Employees
akira,George Cameron Nash,2026-09-10,,Manufacturing,Customer data,Customers
akira,George Cameron Nash,2026-09-10,,Manufacturing,Legal / contracts,Company
akira,George Cameron Nash,2026-09-10,,Manufacturing,Corporate confidential,Company
akira,Eagle Construction,2026-09-10,,Construction,Personal data (PII),Individuals (unspecified)
akira,Eagle Construction,2026-09-10,,Construction,Employee / HR,Employees
akira,Eagle Construction,2026-09-10,,Construction,Customer data,Customers
akira,Eagle Construction,2026-09-10,,Construction,Corporate confidential,Company
akira,AK Stamping,2026-09-10,,Manufacturing,Credentials / IT,Company
akira,AK Stamping,2026-09-10,,Manufacturing,Corporate confidential,Company
akira,Kyodo USA,2026-09-09,,Manufacturing,Personal data (PII),Individuals (unspecified)
akira,Kyodo USA,2026-09-09,,Manufacturing,Employee / HR,Employees
akira,Kyodo USA,2026-09-09,,Manufacturing,Financial,Company
akira,Kyodo USA,2026-09-09,,Manufacturing,Customer data,Customers
akira,Kyodo USA,2026-09-09,,Manufacturing,Legal / contracts,Company
akira,Kyodo USA,2026-09-09,,Manufacturing,Corporate confidential,Company
play,Red Star Oil,2026-09-08,US,Retail & Consumer,Personal data (PII),Individuals (unspecified)
play,Red Star Oil,2026-09-08,US,Retail & Consumer,Employee / HR,Employees
play,Red Star Oil,2026-09-08,US,Retail & Consumer,Financial,Company
play,Red Star Oil,2026-09-08,US,Retail & Consumer,Customer data,Customers
play,Red Star Oil,2026-09-08,US,Retail & Consumer,Corporate confidential,Company
play,GT Distributors,2026-09-08,US,Retail & Consumer,Personal data (PII),Individuals (unspecified)
play,GT Distributors,2026-09-08,US,Retail & Consumer,Employee / HR,Employees
play,GT Distributors,2026-09-08,US,Retail & Consumer,Financial,Company
play,GT Distributors,2026-09-08,US,Retail & Consumer,Customer data,Customers
play,GT Distributors,2026-09-08,US,Retail & Consumer,Corporate confidential,Company
akira,CreateASoft,2026-09-08,,Technology,Employee / HR,Employees
akira,CreateASoft,2026-09-08,,Technology,Financial,Company
akira,CreateASoft,2026-09-08,,Technology,Customer data,Customers
akira,CreateASoft,2026-09-08,,Technology,Legal / contracts,Company
akira,CreateASoft,2026-09-08,,Technology,Corporate confidential,Company
akira,Brentwood Country Club,2026-09-08,,Hospitality & Leisure,Personal data (PII),Individuals (unspecified)
akira,Brentwood Country Club,2026-09-08,,Hospitality & Leisure,Employee / HR,Employees
akira,Brentwood Country Club,2026-09-08,,Hospitality & Leisure,Financial,Company
akira,Brentwood Country Club,2026-09-08,,Hospitality & Leisure,Customer data,Customers
akira,Brentwood Country Club,2026-09-08,,Hospitality & Leisure,Corporate confidential,Company
akira,Brent Electric,2026-09-08,,Energy & Utilities,Personal data (PII),Individuals (unspecified)
akira,Brent Electric,2026-09-08,,Energy & Utilities,Employee / HR,Employees
akira,Brent Electric,2026-09-08,,Energy & Utilities,Financial,Company
akira,Brent Electric,2026-09-08,,Energy & Utilities,Customer data,Customers
akira,Brent Electric,2026-09-08,,Energy & Utilities,Legal / contracts,Company
akira,Brent Electric,2026-09-08,,Energy & Utilities,Corporate confidential,Company
akira,Worrell,2026-09-04,,Business Services,Employee / HR,Employees
akira,Worrell,2026-09-04,,Business Services,Financial,Company
akira,Worrell,2026-09-04,,Business Services,Customer data,Customers
akira,Worrell,2026-09-04,,Business Services,Legal / contracts,Company
akira,Worrell,2026-09-04,,Business Services,Corporate confidential,Company
akira,Stransky Heiz-Mess-Regeltechni k GmbH,2026-09-04,,Technology,Personal data (PII),Individuals (unspecified)
akira,Stransky Heiz-Mess-Regeltechni k GmbH,2026-09-04,,Technology,Employee / HR,Employees
akira,Stransky Heiz-Mess-Regeltechni k GmbH,2026-09-04,,Technology,Financial,Company
akira,Stransky Heiz-Mess-Regeltechni k GmbH,2026-09-04,,Technology,Legal / contracts,Company
akira,Stransky Heiz-Mess-Regeltechni k GmbH,2026-09-04,,Technology,Corporate confidential,Company
akira,ScrubaDub Auto Wash Centers,2026-09-02,GB,Unknown,Personal data (PII),Individuals (unspecified)
akira,ScrubaDub Auto Wash Centers,2026-09-02,GB,Unknown,Employee / HR,Employees
akira,ScrubaDub Auto Wash Centers,2026-09-02,GB,Unknown,Financial,Company
akira,ScrubaDub Auto Wash Centers,2026-09-02,GB,Unknown,Customer data,Customers
akira,ScrubaDub Auto Wash Centers,2026-09-02,GB,Unknown,Corporate confidential,Company
akira,PennFab,2026-09-02,,Manufacturing,Personal data (PII),Individuals (unspecified)
akira,PennFab,2026-09-02,,Manufacturing,Employee / HR,Employees
akira,PennFab,2026-09-02,,Manufacturing,Financial,Company
akira,PennFab,2026-09-02,,Manufacturing,Customer data,Customers
akira,PennFab,2026-09-02,,Manufacturing,Legal / contracts,Company
akira,PennFab,2026-09-02,,Manufacturing,Corporate confidential,Company
akira,Algra Group,2026-09-02,,Healthcare,Personal data (PII),Individuals (unspecified)
akira,Algra Group,2026-09-02,,Healthcare,Employee / HR,Employees
akira,Algra Group,2026-09-02,,Healthcare,Financial,Company
akira,Algra Group,2026-09-02,,Healthcare,Customer data,Customers
akira,Algra Group,2026-09-02,,Healthcare,Legal / contracts,Company
akira,Algra Group,2026-09-02,,Healthcare,Corporate confidential,Company
akira,Flex1,2026-09-01,,Technology,Personal data (PII),Individuals (unspecified)
akira,Flex1,2026-09-01,,Technology,Employee / HR,Employees
akira,Flex1,2026-09-01,,Technology,Financial,Company
akira,Flex1,2026-09-01,,Technology,Customer data,Customers
akira,Flex1,2026-09-01,,Technology,Corporate confidential,Company
akira,Congressional Iron Works,2026-09-01,,Manufacturing,Personal data (PII),Individuals (unspecified)
akira,Congressional Iron Works,2026-09-01,,Manufacturing,Employee / HR,Employees
akira,Congressional Iron Works,2026-09-01,,Manufacturing,Financial,Company
akira,Congressional Iron Works,2026-09-01,,Manufacturing,Customer data,Customers
akira,Congressional Iron Works,2026-09-01,,Manufacturing,Legal / contracts,Company
akira,Congressional Iron Works,2026-09-01,,Manufacturing,Corporate confidential,Company
akira,BYK Construction,2026-09-01,,Construction,Personal data (PII),Individuals (unspecified)
akira,BYK Construction,2026-09-01,,Construction,Employee / HR,Employees
akira,BYK Construction,2026-09-01,,Construction,Financial,Company
akira,BYK Construction,2026-09-01,,Construction,Customer data,Customers
akira,BYK Construction,2026-09-01,,Construction,Corporate confidential,Company
play,Meteor Group,2026-08-31,DE,Manufacturing,Personal data (PII),Individuals (unspecified)
play,Meteor Group,2026-08-31,DE,Manufacturing,Employee / HR,Employees
play,Meteor Group,2026-08-31,DE,Manufacturing,Financial,Company
play,Meteor Group,2026-08-31,DE,Manufacturing,Customer data,Customers
play,Meteor Group,2026-08-31,DE,Manufacturing,Corporate confidential,Company
play,MEQ,2026-08-31,CA,Manufacturing,Personal data (PII),Individuals (unspecified)
play,MEQ,2026-08-31,CA,Manufacturing,Employee / HR,Employees
play,MEQ,2026-08-31,CA,Manufacturing,Financial,Company
play,MEQ,2026-08-31,CA,Manufacturing,Customer data,Customers
play,MEQ,2026-08-31,CA,Manufacturing,Corporate confidential,Company
play,KRC Machine Tool Solutions,2026-08-31,US,Manufacturing,Personal data (PII),Individuals (unspecified)
play,KRC Machine Tool Solutions,2026-08-31,US,Manufacturing,Employee / HR,Employees
play,KRC Machine Tool Solutions,2026-08-31,US,Manufacturing,Financial,Company
play,KRC Machine Tool Solutions,2026-08-31,US,Manufacturing,Customer data,Customers
play,KRC Machine Tool Solutions,2026-08-31,US,Manufacturing,Corporate confidential,Company
play,Figgins Family Wine Estates,2026-08-31,US,Agriculture & Food,Personal data (PII),Individuals (unspecified)
play,Figgins Family Wine Estates,2026-08-31,US,Agriculture & Food,Employee / HR,Employees
play,Figgins Family Wine Estates,2026-08-31,US,Agriculture & Food,Financial,Company
play,Figgins Family Wine Estates,2026-08-31,US,Agriculture & Food,Customer data,Customers
play,Figgins Family Wine Estates,2026-08-31,US,Agriculture & Food,Corporate confidential,Company
akira,WEMS,2026-08-31,,Manufacturing,Personal data (PII),Individuals (unspecified)
akira,WEMS,2026-08-31,,Manufacturing,Employee / HR,Employees
akira,WEMS,2026-08-31,,Manufacturing,Financial,Company
akira,WEMS,2026-08-31,,Manufacturing,Customer data,Customers
akira,WEMS,2026-08-31,,Manufacturing,Legal / contracts,Company
akira,WEMS,2026-08-31,,Manufacturing,Corporate confidential,Company
akira,KFZ-MEISTERBETRIEB JOST GmbH,2026-08-31,,Unknown,Personal data (PII),Individuals (unspecified)
akira,KFZ-MEISTERBETRIEB JOST GmbH,2026-08-31,,Unknown,Employee / HR,Employees
akira,KFZ-MEISTERBETRIEB JOST GmbH,2026-08-31,,Unknown,Financial,Company
akira,KFZ-MEISTERBETRIEB JOST GmbH,2026-08-31,,Unknown,Customer data,Customers
akira,KFZ-MEISTERBETRIEB JOST GmbH,2026-08-31,,Unknown,Corporate confidential,Company
akira,Gale Credit Union,2026-08-31,,Financial Services,Personal data (PII),Individuals (unspecified)
akira,Gale Credit Union,2026-08-31,,Financial Services,Employee / HR,Employees
akira,Gale Credit Union,2026-08-31,,Financial Services,Financial,Company
akira,Gale Credit Union,2026-08-31,,Financial Services,Customer data,Customers
akira,Gale Credit Union,2026-08-31,,Financial Services,Legal / contracts,Company
akira,Gale Credit Union,2026-08-31,,Financial Services,Corporate confidential,Company
akira,JRT Mechanical,2026-08-28,,Construction,Personal data (PII),Individuals (unspecified)
akira,JRT Mechanical,2026-08-28,,Construction,Employee / HR,Employees
akira,JRT Mechanical,2026-08-28,,Construction,Financial,Company
akira,JRT Mechanical,2026-08-28,,Construction,Customer data,Customers
akira,JRT Mechanical,2026-08-28,,Construction,Legal / contracts,Company
akira,JRT Mechanical,2026-08-28,,Construction,Corporate confidential,Company
akira,BEPeterson,2026-08-28,,Manufacturing,Personal data (PII),Individuals (unspecified)
akira,BEPeterson,2026-08-28,,Manufacturing,Employee / HR,Employees
akira,BEPeterson,2026-08-28,,Manufacturing,Financial,Company
akira,BEPeterson,2026-08-28,,Manufacturing,Customer data,Customers
akira,BEPeterson,2026-08-28,,Manufacturing,Legal / contracts,Company
akira,BEPeterson,2026-08-28,,Manufacturing,Corporate confidential,Company
akira,Alumax,2026-08-28,,Construction,Personal data (PII),Individuals (unspecified)
akira,Alumax,2026-08-28,,Construction,Employee / HR,Employees
akira,Alumax,2026-08-28,,Construction,Financial,Company
akira,Alumax,2026-08-28,,Construction,Customer data,Customers
akira,Alumax,2026-08-28,,Construction,Legal / contracts,Company
akira,Alumax,2026-08-28,,Construction,Corporate confidential,Company
incransom,Ruby Seven Studios,2026-08-27,US,Unknown,Personal data (PII),Individuals (unspecified)
incransom,Ruby Seven Studios,2026-08-27,US,Unknown,Employee / HR,Employees
incransom,Ruby Seven Studios,2026-08-27,US,Unknown,Financial,Company
incransom,Ruby Seven Studios,2026-08-27,US,Unknown,Legal / contracts,Company
incransom,Ruby Seven Studios,2026-08-27,US,Unknown,Intellectual property / technical,Company
incransom,Rohloff Group,2026-08-27,ZA,Unknown,Personal data (PII),Individuals (unspecified)
incransom,Rohloff Group,2026-08-27,ZA,Unknown,Employee / HR,Employees
incransom,Rohloff Group,2026-08-27,ZA,Unknown,Financial,Company
incransom,Rohloff Group,2026-08-27,ZA,Unknown,Corporate confidential,Company
akira,Seabrook Island,2026-08-27,,Hospitality & Leisure,Personal data (PII),Individuals (unspecified)
akira,Seabrook Island,2026-08-27,,Hospitality & Leisure,Employee / HR,Employees
akira,Seabrook Island,2026-08-27,,Hospitality & Leisure,Financial,Company
akira,Seabrook Island,2026-08-27,,Hospitality & Leisure,Customer data,Customers
akira,Seabrook Island,2026-08-27,,Hospitality & Leisure,Legal / contracts,Company
akira,Seabrook Island,2026-08-27,,Hospitality & Leisure,Corporate confidential,Company
akira,Cetylite,2026-08-27,,Healthcare,Personal data (PII),Individuals (unspecified)
akira,Cetylite,2026-08-27,,Healthcare,Employee / HR,Employees
akira,Cetylite,2026-08-27,,Healthcare,Financial,Company
akira,Cetylite,2026-08-27,,Healthcare,Customer data,Customers
akira,Cetylite,2026-08-27,,Healthcare,Legal / contracts,Company
akira,Cetylite,2026-08-27,,Healthcare,Corporate confidential,Company
akira,CGP MEP,2026-08-27,,Education,Personal data (PII),Individuals (unspecified)
akira,CGP MEP,2026-08-27,,Education,Employee / HR,Employees
akira,CGP MEP,2026-08-27,,Education,Financial,Company
akira,CGP MEP,2026-08-27,,Education,Customer data,Customers
akira,CGP MEP,2026-08-27,,Education,Legal / contracts,Company
akira,CGP MEP,2026-08-27,,Education,Corporate confidential,Company
akira,PA-ID,2026-08-26,,Manufacturing,Personal data (PII),Individuals (unspecified)
akira,PA-ID,2026-08-26,,Manufacturing,Employee / HR,Employees
akira,PA-ID,2026-08-26,,Manufacturing,Financial,Company
akira,PA-ID,2026-08-26,,Manufacturing,Customer data,Customers
akira,PA-ID,2026-08-26,,Manufacturing,Legal / contracts,Company
akira,PA-ID,2026-08-26,,Manufacturing,Corporate confidential,Company
akira,Oral and Maxillofacial Surgery,2026-08-26,,Healthcare,Personal data (PII),Individuals (unspecified)
akira,Oral and Maxillofacial Surgery,2026-08-26,,Healthcare,Employee / HR,Employees
akira,Oral and Maxillofacial Surgery,2026-08-26,,Healthcare,Financial,Company
akira,Oral and Maxillofacial Surgery,2026-08-26,,Healthcare,Customer data,Customers
akira,Oral and Maxillofacial Surgery,2026-08-26,,Healthcare,Medical (PHI),Customers
akira,Oral and Maxillofacial Surgery,2026-08-26,,Healthcare,Corporate confidential,Company
akira,Gill Rock Drill,2026-08-26,LB,Manufacturing,Personal data (PII),Individuals (unspecified)
akira,Gill Rock Drill,2026-08-26,LB,Manufacturing,Employee / HR,Employees
akira,Gill Rock Drill,2026-08-26,LB,Manufacturing,Financial,Company
akira,Gill Rock Drill,2026-08-26,LB,Manufacturing,Customer data,Customers
akira,Gill Rock Drill,2026-08-26,LB,Manufacturing,Legal / contracts,Company
akira,Gill Rock Drill,2026-08-26,LB,Manufacturing,Corporate confidential,Company
incransom,Macro Engineering & Technology,2026-08-25,CA,Financial Services,Personal data (PII),Individuals (unspecified)
incransom,Macro Engineering & Technology,2026-08-25,CA,Financial Services,Employee / HR,Employees
incransom,Macro Engineering & Technology,2026-08-25,CA,Financial Services,Financial,Company
incransom,Macro Engineering & Technology,2026-08-25,CA,Financial Services,Customer data,Customers
incransom,Macro Engineering & Technology,2026-08-25,CA,Financial Services,Legal / contracts,Company
incransom,Macro Engineering & Technology,2026-08-25,CA,Financial Services,Corporate confidential,Company
akira,WINTER Ingenieure,2026-08-25,DE,Manufacturing,Personal data (PII),Individuals (unspecified)
akira,WINTER Ingenieure,2026-08-25,DE,Manufacturing,Employee / HR,Employees
akira,WINTER Ingenieure,2026-08-25,DE,Manufacturing,Corporate confidential,Company
akira,Davis & Ferber,2026-08-25,,Healthcare,Personal data (PII),Individuals (unspecified)
akira,Davis & Ferber,2026-08-25,,Healthcare,Customer data,Customers
akira,Davis & Ferber,2026-08-25,,Healthcare,Legal / contracts,Company
akira,Davis & Ferber,2026-08-25,,Healthcare,Corporate confidential,Company
incransom,wittmann,2026-08-24,MX,Financial Services,Financial,Company
incransom,wittmann,2026-08-24,MX,Financial Services,Customer data,Customers
incransom,wittmann,2026-08-24,MX,Financial Services,Legal / contracts,Company
incransom,wittmann,2026-08-24,MX,Financial Services,Intellectual property / technical,Company
incransom,wittmann,2026-08-24,MX,Financial Services,Corporate confidential,Company
akira,Bihl,2026-08-24,,Manufacturing,Personal data (PII),Individuals (unspecified)
akira,Bihl,2026-08-24,,Manufacturing,Employee / HR,Employees
akira,Bihl,2026-08-24,,Manufacturing,Financial,Company
akira,Bihl,2026-08-24,,Manufacturing,Customer data,Customers
akira,Bihl,2026-08-24,,Manufacturing,Legal / contracts,Company
akira,Bihl,2026-08-24,,Manufacturing,Corporate confidential,Company
incransom,el-group,2026-08-22,CH,Financial Services,Financial,Company
incransom,el-group,2026-08-22,CH,Financial Services,Customer data,Customers
incransom,el-group,2026-08-22,CH,Financial Services,Intellectual property / technical,Company
incransom,el-group,2026-08-22,CH,Financial Services,Corporate confidential,Company
akira,JC Sales,2026-08-21,,Agriculture & Food,Personal data (PII),Individuals (unspecified)
akira,JC Sales,2026-08-21,,Agriculture & Food,Employee / HR,Employees
akira,JC Sales,2026-08-21,,Agriculture & Food,Financial,Company
akira,JC Sales,2026-08-21,,Agriculture & Food,Customer data,Customers
akira,JC Sales,2026-08-21,,Agriculture & Food,Legal / contracts,Company
akira,JC Sales,2026-08-21,,Agriculture & Food,Corporate confidential,Company
play,Latoplast,2026-08-20,CA,Retail & Consumer,Personal data (PII),Individuals (unspecified)
play,Latoplast,2026-08-20,CA,Retail & Consumer,Employee / HR,Employees
play,Latoplast,2026-08-20,CA,Retail & Consumer,Financial,Company
play,Latoplast,2026-08-20,CA,Retail & Consumer,Customer data,Customers
play,Latoplast,2026-08-20,CA,Retail & Consumer,Corporate confidential,Company
akira,Deas Millwork,2026-08-20,,Unknown,Personal data (PII),Individuals (unspecified)
akira,Deas Millwork,2026-08-20,,Unknown,Employee / HR,Employees
akira,Deas Millwork,2026-08-20,,Unknown,Financial,Company
akira,Deas Millwork,2026-08-20,,Unknown,Legal / contracts,Company
akira,Deas Millwork,2026-08-20,,Unknown,Corporate confidential,Company
akira,Cascade Coffee,2026-08-20,,Manufacturing,Personal data (PII),Individuals (unspecified)
akira,Cascade Coffee,2026-08-20,,Manufacturing,Employee / HR,Employees
akira,Cascade Coffee,2026-08-20,,Manufacturing,Financial,Company
akira,Cascade Coffee,2026-08-20,,Manufacturing,Legal / contracts,Company
akira,Cascade Coffee,2026-08-20,,Manufacturing,Corporate confidential,Company
akira,Ericksen Krentel,2026-08-19,,Business Services,Personal data (PII),Individuals (unspecified)
akira,Ericksen Krentel,2026-08-19,,Business Services,Employee / HR,Employees
akira,Ericksen Krentel,2026-08-19,,Business Services,Financial,Company
akira,Ericksen Krentel,2026-08-19,,Business Services,Customer data,Customers
akira,Ericksen Krentel,2026-08-19,,Business Services,Legal / contracts,Company
akira,Ericksen Krentel,2026-08-19,,Business Services,Corporate confidential,Company
incransom,Foresee Pharmaceuticals,2026-08-18,TW,Healthcare,Financial,Company
incransom,Foresee Pharmaceuticals,2026-08-18,TW,Healthcare,Intellectual property / technical,Company
incransom,Foresee Pharmaceuticals,2026-08-18,TW,Healthcare,Corporate confidential,Company
akira,Borchert & LaSpina,2026-08-18,,Business Services,Personal data (PII),Individuals (unspecified)
akira,Borchert & LaSpina,2026-08-18,,Business Services,Financial,Company
akira,Borchert & LaSpina,2026-08-18,,Business Services,Customer data,Customers
akira,Borchert & LaSpina,2026-08-18,,Business Services,Legal / contracts,Company
akira,Borchert & LaSpina,2026-08-18,,Business Services,Corporate confidential,Company
play,Woodhaven Association,2026-08-17,US,Unknown,Personal data (PII),Individuals (unspecified)
play,Woodhaven Association,2026-08-17,US,Unknown,Employee / HR,Employees
play,Woodhaven Association,2026-08-17,US,Unknown,Financial,Company
play,Woodhaven Association,2026-08-17,US,Unknown,Customer data,Customers
play,Woodhaven Association,2026-08-17,US,Unknown,Corporate confidential,Company
akira,Keystops,2026-08-14,,Energy & Utilities,Personal data (PII),Individuals (unspecified)
akira,Keystops,2026-08-14,,Energy & Utilities,Employee / HR,Employees
akira,Keystops,2026-08-14,,Energy & Utilities,Financial,Company
akira,Keystops,2026-08-14,,Energy & Utilities,Customer data,Customers
akira,Keystops,2026-08-14,,Energy & Utilities,Legal / contracts,Company
akira,Keystops,2026-08-14,,Energy & Utilities,Corporate confidential,Company
akira,Cozad Asset Management,2026-08-14,,Financial Services,Personal data (PII),Individuals (unspecified)
akira,Cozad Asset Management,2026-08-14,,Financial Services,Employee / HR,Employees
akira,Cozad Asset Management,2026-08-14,,Financial Services,Financial,Company
akira,Cozad Asset Management,2026-08-14,,Financial Services,Legal / contracts,Company
akira,Cozad Asset Management,2026-08-14,,Financial Services,Corporate confidential,Company
akira,CF Supply,2026-08-13,,Manufacturing,Personal data (PII),Individuals (unspecified)
akira,CF Supply,2026-08-13,,Manufacturing,Customer data,Customers
akira,CF Supply,2026-08-13,,Manufacturing,Legal / contracts,Company
akira,CF Supply,2026-08-13,,Manufacturing,Corporate confidential,Company
akira,i4 Solutions,2026-08-10,,Construction,Corporate confidential,Company
akira,One Vision Imaging,2026-08-10,,Unknown,Personal data (PII),Individuals (unspecified)
akira,One Vision Imaging,2026-08-10,,Unknown,Employee / HR,Employees
akira,One Vision Imaging,2026-08-10,,Unknown,Customer data,Customers
akira,One Vision Imaging,2026-08-10,,Unknown,Legal / contracts,Company
akira,One Vision Imaging,2026-08-10,,Unknown,Corporate confidential,Company
akira,Alcast,2026-08-10,,Manufacturing,Personal data (PII),Individuals (unspecified)
akira,Alcast,2026-08-10,,Manufacturing,Employee / HR,Employees
akira,Alcast,2026-08-10,,Manufacturing,Customer data,Customers
akira,Alcast,2026-08-10,,Manufacturing,Legal / contracts,Company
akira,Alcast,2026-08-10,,Manufacturing,Corporate confidential,Company
play,Rilpa Enterprises,2026-08-09,CA,Technology,Personal data (PII),Individuals (unspecified)
play,Rilpa Enterprises,2026-08-09,CA,Technology,Employee / HR,Employees
play,Rilpa Enterprises,2026-08-09,CA,Technology,Financial,Company
play,Rilpa Enterprises,2026-08-09,CA,Technology,Customer data,Customers
play,Rilpa Enterprises,2026-08-09,CA,Technology,Corporate confidential,Company
play,Marconi Industrial Services,2026-08-09,IT,Manufacturing,Personal data (PII),Individuals (unspecified)
play,Marconi Industrial Services,2026-08-09,IT,Manufacturing,Employee / HR,Employees
play,Marconi Industrial Services,2026-08-09,IT,Manufacturing,Financial,Company
play,Marconi Industrial Services,2026-08-09,IT,Manufacturing,Customer data,Customers
play,Marconi Industrial Services,2026-08-09,IT,Manufacturing,Corporate confidential,Company
play,MIE Solutions,2026-08-09,US,Technology,Personal data (PII),Individuals (unspecified)
play,MIE Solutions,2026-08-09,US,Technology,Employee / HR,Employees
play,MIE Solutions,2026-08-09,US,Technology,Financial,Company
play,MIE Solutions,2026-08-09,US,Technology,Customer data,Customers
play,MIE Solutions,2026-08-09,US,Technology,Corporate confidential,Company
play,Signature Services,2026-08-06,US,Real Estate,Personal data (PII),Individuals (unspecified)
play,Signature Services,2026-08-06,US,Real Estate,Employee / HR,Employees
play,Signature Services,2026-08-06,US,Real Estate,Financial,Company
play,Signature Services,2026-08-06,US,Real Estate,Customer data,Customers
play,Signature Services,2026-08-06,US,Real Estate,Corporate confidential,Company
play,Platinum Group,2026-08-06,US,Business Services,Personal data (PII),Individuals (unspecified)
play,Platinum Group,2026-08-06,US,Business Services,Employee / HR,Employees
play,Platinum Group,2026-08-06,US,Business Services,Financial,Company
play,Platinum Group,2026-08-06,US,Business Services,Customer data,Customers
play,Platinum Group,2026-08-06,US,Business Services,Corporate confidential,Company
play,GCATS Investments,2026-08-06,US,Construction,Personal data (PII),Individuals (unspecified)
play,GCATS Investments,2026-08-06,US,Construction,Employee / HR,Employees
play,GCATS Investments,2026-08-06,US,Construction,Financial,Company
play,GCATS Investments,2026-08-06,US,Construction,Customer data,Customers
play,GCATS Investments,2026-08-06,US,Construction,Corporate confidential,Company
akira,Pharma Test Apparatebau AG,2026-08-06,,Healthcare,Personal data (PII),Individuals (unspecified)
akira,Pharma Test Apparatebau AG,2026-08-06,,Healthcare,Employee / HR,Employees
akira,Pharma Test Apparatebau AG,2026-08-06,,Healthcare,Financial,Company
akira,Pharma Test Apparatebau AG,2026-08-06,,Healthcare,Customer data,Customers
akira,Pharma Test Apparatebau AG,2026-08-06,,Healthcare,Legal / contracts,Company
akira,Pharma Test Apparatebau AG,2026-08-06,,Healthcare,Corporate confidential,Company
akira,Basic Grain Products,2026-08-06,,Agriculture & Food,Personal data (PII),Individuals (unspecified)
akira,Basic Grain Products,2026-08-06,,Agriculture & Food,Employee / HR,Employees
akira,Basic Grain Products,2026-08-06,,Agriculture & Food,Financial,Company
akira,Basic Grain Products,2026-08-06,,Agriculture & Food,Customer data,Customers
akira,Basic Grain Products,2026-08-06,,Agriculture & Food,Legal / contracts,Company
akira,Basic Grain Products,2026-08-06,,Agriculture & Food,Corporate confidential,Company
play,Preferred Financial Group,2026-08-04,US,Financial Services,Personal data (PII),Individuals (unspecified)
play,Preferred Financial Group,2026-08-04,US,Financial Services,Employee / HR,Employees
play,Preferred Financial Group,2026-08-04,US,Financial Services,Financial,Company
play,Preferred Financial Group,2026-08-04,US,Financial Services,Customer data,Customers
play,Preferred Financial Group,2026-08-04,US,Financial Services,Corporate confidential,Company
play,First Tek,2026-08-04,US,Unknown,Personal data (PII),Individuals (unspecified)
play,First Tek,2026-08-04,US,Unknown,Employee / HR,Employees
play,First Tek,2026-08-04,US,Unknown,Financial,Company
play,First Tek,2026-08-04,US,Unknown,Customer data,Customers
play,First Tek,2026-08-04,US,Unknown,Corporate confidential,Company
incransom,TRULITE GLASS & ALUMINUM SOLUTIONS,2026-08-04,US,Manufacturing,Employee / HR,Employees
incransom,TRULITE GLASS & ALUMINUM SOLUTIONS,2026-08-04,US,Manufacturing,Financial,Company
incransom,TRULITE GLASS & ALUMINUM SOLUTIONS,2026-08-04,US,Manufacturing,Customer data,Customers
incransom,TRULITE GLASS & ALUMINUM SOLUTIONS,2026-08-04,US,Manufacturing,Legal / contracts,Company
incransom,TRULITE GLASS & ALUMINUM SOLUTIONS,2026-08-04,US,Manufacturing,Credentials / IT,Company
incransom,TRULITE GLASS & ALUMINUM SOLUTIONS,2026-08-04,US,Manufacturing,Corporate confidential,Company
incransom,Loyalist College,2026-08-03,CA,Education,Personal data (PII),Individuals (unspecified)
incransom,Loyalist College,2026-08-03,CA,Education,Employee / HR,Employees
incransom,Loyalist College,2026-08-03,CA,Education,Customer data,Customers
incransom,Loyalist College,2026-08-03,CA,Education,Intellectual property / technical,Company
incransom,ATMS,2026-08-03,IN,Financial Services,Financial,Company
incransom,ATMS,2026-08-03,IN,Financial Services,Customer data,Customers
incransom,ATMS,2026-08-03,IN,Financial Services,Intellectual property / technical,Company
incransom,ATMS,2026-08-03,IN,Financial Services,Corporate confidential,Company
akira,Belasco Electric,2026-08-03,,Construction,Personal data (PII),Individuals (unspecified)
akira,Belasco Electric,2026-08-03,,Construction,Employee / HR,Employees
akira,Belasco Electric,2026-08-03,,Construction,Financial,Company
akira,Belasco Electric,2026-08-03,,Construction,Legal / contracts,Company
akira,Belasco Electric,2026-08-03,,Construction,Corporate confidential,Company
akira,Albers Mechanical Contractors,2026-08-03,,Manufacturing,Employee / HR,Employees
akira,Albers Mechanical Contractors,2026-08-03,,Manufacturing,Financial,Company
akira,Albers Mechanical Contractors,2026-08-03,,Manufacturing,Customer data,Customers
akira,Albers Mechanical Contractors,2026-08-03,,Manufacturing,Legal / contracts,Company
akira,Albers Mechanical Contractors,2026-08-03,,Manufacturing,Corporate confidential,Company
play,The Butcher Brothers,2026-08-01,US,Retail & Consumer,Personal data (PII),Individuals (unspecified)
play,The Butcher Brothers,2026-08-01,US,Retail & Consumer,Employee / HR,Employees
play,The Butcher Brothers,2026-08-01,US,Retail & Consumer,Financial,Company
play,The Butcher Brothers,2026-08-01,US,Retail & Consumer,Customer data,Customers
play,The Butcher Brothers,2026-08-01,US,Retail & Consumer,Corporate confidential,Company
play,Sigma Plastics Group,2026-08-01,US,Manufacturing,Personal data (PII),Individuals (unspecified)
play,Sigma Plastics Group,2026-08-01,US,Manufacturing,Employee / HR,Employees
play,Sigma Plastics Group,2026-08-01,US,Manufacturing,Financial,Company
play,Sigma Plastics Group,2026-08-01,US,Manufacturing,Customer data,Customers
play,Sigma Plastics Group,2026-08-01,US,Manufacturing,Corporate confidential,Company
play,Cambridge Management,2026-08-01,US,Real Estate,Personal data (PII),Individuals (unspecified)
play,Cambridge Management,2026-08-01,US,Real Estate,Employee / HR,Employees
play,Cambridge Management,2026-08-01,US,Real Estate,Financial,Company
play,Cambridge Management,2026-08-01,US,Real Estate,Customer data,Customers
play,Cambridge Management,2026-08-01,US,Real Estate,Corporate confidential,Company
incransom,PARTNERED HEALTH GROUP,2026-07-30,AU,Healthcare,Personal data (PII),Individuals (unspecified)
incransom,PARTNERED HEALTH GROUP,2026-07-30,AU,Healthcare,Employee / HR,Employees
incransom,PARTNERED HEALTH GROUP,2026-07-30,AU,Healthcare,Financial,Company
incransom,PARTNERED HEALTH GROUP,2026-07-30,AU,Healthcare,Customer data,Customers
incransom,PARTNERED HEALTH GROUP,2026-07-30,AU,Healthcare,Medical (PHI),Customers
incransom,PARTNERED HEALTH GROUP,2026-07-30,AU,Healthcare,Legal / contracts,Company
incransom,PARTNERED HEALTH GROUP,2026-07-30,AU,Healthcare,Credentials / IT,Company
incransom,PARTNERED HEALTH GROUP,2026-07-30,AU,Healthcare,Corporate confidential,Company
akira,Northwood Country Club,2026-07-29,,Hospitality & Leisure,Personal data (PII),Individuals (unspecified)
akira,Northwood Country Club,2026-07-29,,Hospitality & Leisure,Employee / HR,Employees
akira,Northwood Country Club,2026-07-29,,Hospitality & Leisure,Financial,Company
akira,Northwood Country Club,2026-07-29,,Hospitality & Leisure,Legal / contracts,Company
akira,Northwood Country Club,2026-07-29,,Hospitality & Leisure,Corporate confidential,Company
play,The DeBruler,2026-07-25,US,Unknown,Personal data (PII),Individuals (unspecified)
play,The DeBruler,2026-07-25,US,Unknown,Employee / HR,Employees
play,The DeBruler,2026-07-25,US,Unknown,Financial,Company
play,The DeBruler,2026-07-25,US,Unknown,Customer data,Customers
play,The DeBruler,2026-07-25,US,Unknown,Corporate confidential,Company
incransom,minigrip.com.mx,2026-07-24,MX,Financial Services,Financial,Company
incransom,minigrip.com.mx,2026-07-24,MX,Financial Services,Customer data,Customers
incransom,minigrip.com.mx,2026-07-24,MX,Financial Services,Intellectual property / technical,Company
incransom,minigrip.com.mx,2026-07-24,MX,Financial Services,Corporate confidential,Company
incransom,DUCON,2026-07-24,CO,Financial Services,Financial,Company
incransom,DUCON,2026-07-24,CO,Financial Services,Customer data,Customers
incransom,DUCON,2026-07-24,CO,Financial Services,Intellectual property / technical,Company
incransom,DUCON,2026-07-24,CO,Financial Services,Corporate confidential,Company
akira,Emerge2 Digital,2026-07-24,,Technology,Personal data (PII),Individuals (unspecified)
akira,Emerge2 Digital,2026-07-24,,Technology,Employee / HR,Employees
akira,Emerge2 Digital,2026-07-24,,Technology,Financial,Company
akira,Emerge2 Digital,2026-07-24,,Technology,Customer data,Customers
akira,Emerge2 Digital,2026-07-24,,Technology,Legal / contracts,Company
akira,Emerge2 Digital,2026-07-24,,Technology,Corporate confidential,Company
play,Restaurant Depot,2026-07-23,US,Retail & Consumer,Personal data (PII),Individuals (unspecified)
play,Restaurant Depot,2026-07-23,US,Retail & Consumer,Employee / HR,Employees
play,Restaurant Depot,2026-07-23,US,Retail & Consumer,Financial,Company
play,Restaurant Depot,2026-07-23,US,Retail & Consumer,Customer data,Customers
play,Restaurant Depot,2026-07-23,US,Retail & Consumer,Corporate confidential,Company
play,Record Go Alquiler,2026-07-23,ES,Unknown,Personal data (PII),Individuals (unspecified)
play,Record Go Alquiler,2026-07-23,ES,Unknown,Employee / HR,Employees
play,Record Go Alquiler,2026-07-23,ES,Unknown,Financial,Company
play,Record Go Alquiler,2026-07-23,ES,Unknown,Customer data,Customers
play,Record Go Alquiler,2026-07-23,ES,Unknown,Corporate confidential,Company
akira,University Sprinkler Systems,2026-07-22,,Education,Employee / HR,Employees
akira,University Sprinkler Systems,2026-07-22,,Education,Customer data,Customers
akira,University Sprinkler Systems,2026-07-22,,Education,Corporate confidential,Company
akira,Kruse Construction,2026-07-22,,Construction,Personal data (PII),Individuals (unspecified)
akira,Kruse Construction,2026-07-22,,Construction,Employee / HR,Employees
akira,Kruse Construction,2026-07-22,,Construction,Financial,Company
akira,Kruse Construction,2026-07-22,,Construction,Customer data,Customers
akira,Kruse Construction,2026-07-22,,Construction,Legal / contracts,Company
akira,Kruse Construction,2026-07-22,,Construction,Corporate confidential,Company
play,Tax MT,2026-07-21,US,Business Services,Personal data (PII),Individuals (unspecified)
play,Tax MT,2026-07-21,US,Business Services,Employee / HR,Employees
play,Tax MT,2026-07-21,US,Business Services,Financial,Company
play,Tax MT,2026-07-21,US,Business Services,Customer data,Customers
play,Tax MT,2026-07-21,US,Business Services,Corporate confidential,Company
play,Kreysler & Associates,2026-07-21,US,Construction,Personal data (PII),Individuals (unspecified)
play,Kreysler & Associates,2026-07-21,US,Construction,Employee / HR,Employees
play,Kreysler & Associates,2026-07-21,US,Construction,Financial,Company
play,Kreysler & Associates,2026-07-21,US,Construction,Customer data,Customers
play,Kreysler & Associates,2026-07-21,US,Construction,Corporate confidential,Company
akira,Novasport s.r.o.,2026-07-21,,Manufacturing,Personal data (PII),Individuals (unspecified)
akira,Novasport s.r.o.,2026-07-21,,Manufacturing,Employee / HR,Employees
akira,Novasport s.r.o.,2026-07-21,,Manufacturing,Financial,Company
akira,Novasport s.r.o.,2026-07-21,,Manufacturing,Customer data,Customers
akira,Novasport s.r.o.,2026-07-21,,Manufacturing,Legal / contracts,Company
akira,Novasport s.r.o.,2026-07-21,,Manufacturing,Corporate confidential,Company
akira,Finer & Finer,2026-07-21,,Business Services,Employee / HR,Employees
akira,Finer & Finer,2026-07-21,,Business Services,Customer data,Customers
akira,Finer & Finer,2026-07-21,,Business Services,Legal / contracts,Company
akira,Finer & Finer,2026-07-21,,Business Services,Corporate confidential,Company
akira,"McKeever , Varga & Senko",2026-07-20,,Financial Services,Personal data (PII),Individuals (unspecified)
akira,"McKeever , Varga & Senko",2026-07-20,,Financial Services,Employee / HR,Employees
akira,"McKeever , Varga & Senko",2026-07-20,,Financial Services,Customer data,Customers
akira,"McKeever , Varga & Senko",2026-07-20,,Financial Services,Legal / contracts,Company
akira,"McKeever , Varga & Senko",2026-07-20,,Financial Services,Corporate confidential,Company
akira,L&A Transport,2026-07-20,,Transportation & Logistics,Employee / HR,Employees
akira,L&A Transport,2026-07-20,,Transportation & Logistics,Financial,Company
akira,L&A Transport,2026-07-20,,Transportation & Logistics,Customer data,Customers
akira,L&A Transport,2026-07-20,,Transportation & Logistics,Legal / contracts,Company
akira,L&A Transport,2026-07-20,,Transportation & Logistics,Corporate confidential,Company
akira,Westcoast Communication Servic es,2026-07-17,,Unknown,Personal data (PII),Individuals (unspecified)
akira,Westcoast Communication Servic es,2026-07-17,,Unknown,Employee / HR,Employees
akira,Westcoast Communication Servic es,2026-07-17,,Unknown,Financial,Company
akira,Westcoast Communication Servic es,2026-07-17,,Unknown,Customer data,Customers
akira,Westcoast Communication Servic es,2026-07-17,,Unknown,Legal / contracts,Company
akira,Westcoast Communication Servic es,2026-07-17,,Unknown,Corporate confidential,Company
akira,Nesco Bus Maintenance,2026-07-17,,Education,Personal data (PII),Individuals (unspecified)
akira,Nesco Bus Maintenance,2026-07-17,,Education,Employee / HR,Employees
akira,Nesco Bus Maintenance,2026-07-17,,Education,Financial,Company
akira,Nesco Bus Maintenance,2026-07-17,,Education,Customer data,Customers
akira,Nesco Bus Maintenance,2026-07-17,,Education,Legal / contracts,Company
akira,Nesco Bus Maintenance,2026-07-17,,Education,Corporate confidential,Company
play,Wring Group,2026-07-16,GB,Construction,Personal data (PII),Individuals (unspecified)
play,Wring Group,2026-07-16,GB,Construction,Employee / HR,Employees
play,Wring Group,2026-07-16,GB,Construction,Financial,Company
play,Wring Group,2026-07-16,GB,Construction,Customer data,Customers
play,Wring Group,2026-07-16,GB,Construction,Corporate confidential,Company
play,Svensk Direktreklam,2026-07-16,SE,Business Services,Personal data (PII),Individuals (unspecified)
play,Svensk Direktreklam,2026-07-16,SE,Business Services,Employee / HR,Employees
play,Svensk Direktreklam,2026-07-16,SE,Business Services,Financial,Company
play,Svensk Direktreklam,2026-07-16,SE,Business Services,Customer data,Customers
play,Svensk Direktreklam,2026-07-16,SE,Business Services,Corporate confidential,Company
play,Boston Electric and Telephone,2026-07-16,US,Construction,Personal data (PII),Individuals (unspecified)
play,Boston Electric and Telephone,2026-07-16,US,Construction,Employee / HR,Employees
play,Boston Electric and Telephone,2026-07-16,US,Construction,Financial,Company
play,Boston Electric and Telephone,2026-07-16,US,Construction,Customer data,Customers
play,Boston Electric and Telephone,2026-07-16,US,Construction,Corporate confidential,Company
play,Andorra Life,2026-07-16,US,Healthcare,Personal data (PII),Individuals (unspecified)
play,Andorra Life,2026-07-16,US,Healthcare,Employee / HR,Employees
play,Andorra Life,2026-07-16,US,Healthcare,Financial,Company
play,Andorra Life,2026-07-16,US,Healthcare,Customer data,Customers
play,Andorra Life,2026-07-16,US,Healthcare,Corporate confidential,Company
play,AG Scholtes,2026-07-16,NL,Retail & Consumer,Personal data (PII),Individuals (unspecified)
play,AG Scholtes,2026-07-16,NL,Retail & Consumer,Employee / HR,Employees
play,AG Scholtes,2026-07-16,NL,Retail & Consumer,Financial,Company
play,AG Scholtes,2026-07-16,NL,Retail & Consumer,Customer data,Customers
play,AG Scholtes,2026-07-16,NL,Retail & Consumer,Corporate confidential,Company
akira,Plumley Engineering,2026-07-16,,Unknown,Personal data (PII),Individuals (unspecified)
akira,Plumley Engineering,2026-07-16,,Unknown,Employee / HR,Employees
akira,Plumley Engineering,2026-07-16,,Unknown,Customer data,Customers
akira,Plumley Engineering,2026-07-16,,Unknown,Legal / contracts,Company
akira,Plumley Engineering,2026-07-16,,Unknown,Corporate confidential,Company
akira,Pioneer Construction,2026-07-15,US,Construction,Personal data (PII),Individuals (unspecified)
akira,Pioneer Construction,2026-07-15,US,Construction,Employee / HR,Employees
akira,Pioneer Construction,2026-07-15,US,Construction,Financial,Company
akira,Pioneer Construction,2026-07-15,US,Construction,Customer data,Customers
akira,Pioneer Construction,2026-07-15,US,Construction,Legal / contracts,Company
akira,Pioneer Construction,2026-07-15,US,Construction,Corporate confidential,Company
akira,Vandalia Rental,2026-07-10,,Government,Personal data (PII),Individuals (unspecified)
akira,Vandalia Rental,2026-07-10,,Government,Employee / HR,Employees
akira,Vandalia Rental,2026-07-10,,Government,Financial,Company
akira,Vandalia Rental,2026-07-10,,Government,Customer data,Customers
akira,Vandalia Rental,2026-07-10,,Government,Legal / contracts,Company
akira,Vandalia Rental,2026-07-10,,Government,Corporate confidential,Company
akira,Transworld Signs,2026-07-10,,Technology,Personal data (PII),Individuals (unspecified)
akira,Transworld Signs,2026-07-10,,Technology,Employee / HR,Employees
akira,Transworld Signs,2026-07-10,,Technology,Financial,Company
akira,Transworld Signs,2026-07-10,,Technology,Customer data,Customers
akira,Transworld Signs,2026-07-10,,Technology,Legal / contracts,Company
akira,Transworld Signs,2026-07-10,,Technology,Corporate confidential,Company
akira,Wade's Dairy,2026-07-08,,Agriculture & Food,Personal data (PII),Individuals (unspecified)
akira,Wade's Dairy,2026-07-08,,Agriculture & Food,Employee / HR,Employees
akira,Wade's Dairy,2026-07-08,,Agriculture & Food,Financial,Company
akira,Wade's Dairy,2026-07-08,,Agriculture & Food,Customer data,Customers
akira,Wade's Dairy,2026-07-08,,Agriculture & Food,Legal / contracts,Company
akira,Wade's Dairy,2026-07-08,,Agriculture & Food,Corporate confidential,Company
play,United Infrastructure,2026-07-07,GB,Construction,Personal data (PII),Individuals (unspecified)
play,United Infrastructure,2026-07-07,GB,Construction,Employee / HR,Employees
play,United Infrastructure,2026-07-07,GB,Construction,Financial,Company
play,United Infrastructure,2026-07-07,GB,Construction,Customer data,Customers
play,United Infrastructure,2026-07-07,GB,Construction,Corporate confidential,Company
play,Preneed Funeral Programs,2026-07-07,US,Business Services,Personal data (PII),Individuals (unspecified)
play,Preneed Funeral Programs,2026-07-07,US,Business Services,Employee / HR,Employees
play,Preneed Funeral Programs,2026-07-07,US,Business Services,Financial,Company
play,Preneed Funeral Programs,2026-07-07,US,Business Services,Customer data,Customers
play,Preneed Funeral Programs,2026-07-07,US,Business Services,Corporate confidential,Company
play,Kevin Bao Lenguyen,2026-07-07,US,Business Services,Personal data (PII),Individuals (unspecified)
play,Kevin Bao Lenguyen,2026-07-07,US,Business Services,Employee / HR,Employees
play,Kevin Bao Lenguyen,2026-07-07,US,Business Services,Financial,Company
play,Kevin Bao Lenguyen,2026-07-07,US,Business Services,Customer data,Customers
play,Kevin Bao Lenguyen,2026-07-07,US,Business Services,Corporate confidential,Company
akira,RISE Architecture,2026-07-07,JE,Construction,Personal data (PII),Individuals (unspecified)
akira,RISE Architecture,2026-07-07,JE,Construction,Employee / HR,Employees
akira,RISE Architecture,2026-07-07,JE,Construction,Financial,Company
akira,RISE Architecture,2026-07-07,JE,Construction,Customer data,Customers
akira,RISE Architecture,2026-07-07,JE,Construction,Legal / contracts,Company
akira,RISE Architecture,2026-07-07,JE,Construction,Corporate confidential,Company
akira,Excalibur Rentals,2026-07-07,,Manufacturing,Personal data (PII),Individuals (unspecified)
akira,Excalibur Rentals,2026-07-07,,Manufacturing,Employee / HR,Employees
akira,Excalibur Rentals,2026-07-07,,Manufacturing,Financial,Company
akira,Excalibur Rentals,2026-07-07,,Manufacturing,Customer data,Customers
akira,Excalibur Rentals,2026-07-07,,Manufacturing,Legal / contracts,Company
akira,Excalibur Rentals,2026-07-07,,Manufacturing,Corporate confidential,Company
akira,Edge Solutions | Stone Ridge P ayments,2026-07-07,,Technology,Personal data (PII),Individuals (unspecified)
akira,Edge Solutions | Stone Ridge P ayments,2026-07-07,,Technology,Employee / HR,Employees
akira,Edge Solutions | Stone Ridge P ayments,2026-07-07,,Technology,Financial,Company
akira,Edge Solutions | Stone Ridge P ayments,2026-07-07,,Technology,Legal / contracts,Company
akira,Edge Solutions | Stone Ridge P ayments,2026-07-07,,Technology,Corporate confidential,Company
akira,Chisholm Persson & Ball,2026-07-07,,Business Services,Personal data (PII),Individuals (unspecified)
akira,Chisholm Persson & Ball,2026-07-07,,Business Services,Employee / HR,Employees
akira,Chisholm Persson & Ball,2026-07-07,,Business Services,Financial,Company
akira,Chisholm Persson & Ball,2026-07-07,,Business Services,Customer data,Customers
akira,Chisholm Persson & Ball,2026-07-07,,Business Services,Legal / contracts,Company
akira,Chisholm Persson & Ball,2026-07-07,,Business Services,Corporate confidential,Company
play,Silvestri & Associates Insurance,2026-07-04,US,Financial Services,Personal data (PII),Individuals (unspecified)
play,Silvestri & Associates Insurance,2026-07-04,US,Financial Services,Employee / HR,Employees
play,Silvestri & Associates Insurance,2026-07-04,US,Financial Services,Financial,Company
play,Silvestri & Associates Insurance,2026-07-04,US,Financial Services,Customer data,Customers
play,Silvestri & Associates Insurance,2026-07-04,US,Financial Services,Corporate confidential,Company
play,Locati Architects,2026-07-04,US,Construction,Personal data (PII),Individuals (unspecified)
play,Locati Architects,2026-07-04,US,Construction,Employee / HR,Employees
play,Locati Architects,2026-07-04,US,Construction,Financial,Company
play,Locati Architects,2026-07-04,US,Construction,Customer data,Customers
play,Locati Architects,2026-07-04,US,Construction,Corporate confidential,Company
akira,Refinery Hotel,2026-07-01,,Hospitality & Leisure,Personal data (PII),Individuals (unspecified)
akira,Refinery Hotel,2026-07-01,,Hospitality & Leisure,Employee / HR,Employees
akira,Refinery Hotel,2026-07-01,,Hospitality & Leisure,Financial,Company
akira,Refinery Hotel,2026-07-01,,Hospitality & Leisure,Customer data,Customers
akira,Refinery Hotel,2026-07-01,,Hospitality & Leisure,Legal / contracts,Company
akira,Refinery Hotel,2026-07-01,,Hospitality & Leisure,Corporate confidential,Company
play,Western Construction,2026-06-30,US,Construction,Personal data (PII),Individuals (unspecified)
play,Western Construction,2026-06-30,US,Construction,Employee / HR,Employees
play,Western Construction,2026-06-30,US,Construction,Financial,Company
play,Western Construction,2026-06-30,US,Construction,Customer data,Customers
play,Western Construction,2026-06-30,US,Construction,Corporate confidential,Company
akira,Advanced Business Systems,2026-06-30,,Technology,Personal data (PII),Individuals (unspecified)
akira,Advanced Business Systems,2026-06-30,,Technology,Employee / HR,Employees
akira,Advanced Business Systems,2026-06-30,,Technology,Customer data,Customers
akira,Advanced Business Systems,2026-06-30,,Technology,Legal / contracts,Company
akira,Advanced Business Systems,2026-06-30,,Technology,Corporate confidential,Company
play,Kuhnline,2026-06-27,US,Unknown,Personal data (PII),Individuals (unspecified)
play,Kuhnline,2026-06-27,US,Unknown,Employee / HR,Employees
play,Kuhnline,2026-06-27,US,Unknown,Financial,Company
play,Kuhnline,2026-06-27,US,Unknown,Customer data,Customers
play,Kuhnline,2026-06-27,US,Unknown,Corporate confidential,Company
akira,Precise Forms,2026-06-26,,Construction,Personal data (PII),Individuals (unspecified)
akira,Precise Forms,2026-06-26,,Construction,Employee / HR,Employees
akira,Precise Forms,2026-06-26,,Construction,Customer data,Customers
akira,Precise Forms,2026-06-26,,Construction,Legal / contracts,Company
akira,Precise Forms,2026-06-26,,Construction,Corporate confidential,Company
akira,Padget Technologies,2026-06-25,,Technology,Personal data (PII),Individuals (unspecified)
akira,Padget Technologies,2026-06-25,,Technology,Employee / HR,Employees
akira,Padget Technologies,2026-06-25,,Technology,Customer data,Customers
akira,Padget Technologies,2026-06-25,,Technology,Legal / contracts,Company
akira,Padget Technologies,2026-06-25,,Technology,Corporate confidential,Company
akira,JMS Southeast,2026-06-25,,Energy & Utilities,Personal data (PII),Individuals (unspecified)
akira,JMS Southeast,2026-06-25,,Energy & Utilities,Employee / HR,Employees
akira,JMS Southeast,2026-06-25,,Energy & Utilities,Customer data,Customers
akira,JMS Southeast,2026-06-25,,Energy & Utilities,Legal / contracts,Company
akira,JMS Southeast,2026-06-25,,Energy & Utilities,Corporate confidential,Company
akira,Miami Machine,2026-06-24,,Manufacturing,Personal data (PII),Individuals (unspecified)
akira,Miami Machine,2026-06-24,,Manufacturing,Employee / HR,Employees
akira,Miami Machine,2026-06-24,,Manufacturing,Customer data,Customers
akira,Miami Machine,2026-06-24,,Manufacturing,Legal / contracts,Company
akira,Miami Machine,2026-06-24,,Manufacturing,Corporate confidential,Company
akira,Jit Ex,2026-06-24,,Transportation & Logistics,Personal data (PII),Individuals (unspecified)
akira,Jit Ex,2026-06-24,,Transportation & Logistics,Employee / HR,Employees
akira,Jit Ex,2026-06-24,,Transportation & Logistics,Financial,Company
akira,Jit Ex,2026-06-24,,Transportation & Logistics,Customer data,Customers
akira,Jit Ex,2026-06-24,,Transportation & Logistics,Legal / contracts,Company
akira,Jit Ex,2026-06-24,,Transportation & Logistics,Corporate confidential,Company
akira,Leo International,2026-06-23,,Manufacturing,Personal data (PII),Individuals (unspecified)
akira,Leo International,2026-06-23,,Manufacturing,Employee / HR,Employees
akira,Leo International,2026-06-23,,Manufacturing,Corporate confidential,Company
akira,IH Engineers,2026-06-23,JE,Business Services,Personal data (PII),Individuals (unspecified)
akira,IH Engineers,2026-06-23,JE,Business Services,Employee / HR,Employees
akira,IH Engineers,2026-06-23,JE,Business Services,Legal / contracts,Company
akira,IH Engineers,2026-06-23,JE,Business Services,Intellectual property / technical,Company
akira,IH Engineers,2026-06-23,JE,Business Services,Corporate confidential,Company
akira,Ntd Apparel,2026-06-22,,Retail & Consumer,Personal data (PII),Individuals (unspecified)
akira,Ntd Apparel,2026-06-22,,Retail & Consumer,Employee / HR,Employees
akira,Ntd Apparel,2026-06-22,,Retail & Consumer,Customer data,Customers
akira,Ntd Apparel,2026-06-22,,Retail & Consumer,Legal / contracts,Company
akira,Ntd Apparel,2026-06-22,,Retail & Consumer,Corporate confidential,Company
akira,Berg Lilly,2026-06-18,,Business Services,Personal data (PII),Individuals (unspecified)
akira,Berg Lilly,2026-06-18,,Business Services,Financial,Company
akira,Berg Lilly,2026-06-18,,Business Services,Customer data,Customers
akira,Berg Lilly,2026-06-18,,Business Services,Legal / contracts,Company
akira,Berg Lilly,2026-06-18,,Business Services,Corporate confidential,Company
akira,Apptricity,2026-06-18,,Technology,Personal data (PII),Individuals (unspecified)
akira,Apptricity,2026-06-18,,Technology,Employee / HR,Employees
akira,Apptricity,2026-06-18,,Technology,Customer data,Customers
akira,Apptricity,2026-06-18,,Technology,Legal / contracts,Company
akira,Apptricity,2026-06-18,,Technology,Intellectual property / technical,Company
akira,Apptricity,2026-06-18,,Technology,Corporate confidential,Company
play,eurOptimum,2026-06-17,US,Unknown,Personal data (PII),Individuals (unspecified)
play,eurOptimum,2026-06-17,US,Unknown,Employee / HR,Employees
play,eurOptimum,2026-06-17,US,Unknown,Financial,Company
play,eurOptimum,2026-06-17,US,Unknown,Customer data,Customers
play,eurOptimum,2026-06-17,US,Unknown,Corporate confidential,Company
play,Integrated Technologies,2026-06-17,US,Construction,Personal data (PII),Individuals (unspecified)
play,Integrated Technologies,2026-06-17,US,Construction,Employee / HR,Employees
play,Integrated Technologies,2026-06-17,US,Construction,Financial,Company
play,Integrated Technologies,2026-06-17,US,Construction,Customer data,Customers
play,Integrated Technologies,2026-06-17,US,Construction,Corporate confidential,Company
play,Greg Crosslin,2026-06-17,US,Business Services,Personal data (PII),Individuals (unspecified)
play,Greg Crosslin,2026-06-17,US,Business Services,Employee / HR,Employees
play,Greg Crosslin,2026-06-17,US,Business Services,Financial,Company
play,Greg Crosslin,2026-06-17,US,Business Services,Customer data,Customers
play,Greg Crosslin,2026-06-17,US,Business Services,Corporate confidential,Company
akira,Smith Filter,2026-06-17,,Manufacturing,Personal data (PII),Individuals (unspecified)
akira,Smith Filter,2026-06-17,,Manufacturing,Employee / HR,Employees
akira,Smith Filter,2026-06-17,,Manufacturing,Financial,Company
akira,Smith Filter,2026-06-17,,Manufacturing,Customer data,Customers
akira,Smith Filter,2026-06-17,,Manufacturing,Legal / contracts,Company
akira,Smith Filter,2026-06-17,,Manufacturing,Corporate confidential,Company
incransom,neuwoges.de,2026-06-16,DE,Real Estate,Employee / HR,Employees
incransom,neuwoges.de,2026-06-16,DE,Real Estate,Customer data,Customers
incransom,neuwoges.de,2026-06-16,DE,Real Estate,Corporate confidential,Company
incransom,jktornel,2026-06-16,MX,Financial Services,Financial,Company
incransom,jktornel,2026-06-16,MX,Financial Services,Customer data,Customers
incransom,jktornel,2026-06-16,MX,Financial Services,Intellectual property / technical,Company
incransom,jktornel,2026-06-16,MX,Financial Services,Corporate confidential,Company
akira,Insite Architects,2026-06-16,,Construction,Personal data (PII),Individuals (unspecified)
akira,Insite Architects,2026-06-16,,Construction,Employee / HR,Employees
akira,Insite Architects,2026-06-16,,Construction,Financial,Company
akira,Insite Architects,2026-06-16,,Construction,Customer data,Customers
akira,Insite Architects,2026-06-16,,Construction,Corporate confidential,Company
akira,DDC Domus Design Collection,2026-06-12,,Manufacturing,Personal data (PII),Individuals (unspecified)
akira,DDC Domus Design Collection,2026-06-12,,Manufacturing,Employee / HR,Employees
akira,DDC Domus Design Collection,2026-06-12,,Manufacturing,Financial,Company
akira,DDC Domus Design Collection,2026-06-12,,Manufacturing,Customer data,Customers
akira,DDC Domus Design Collection,2026-06-12,,Manufacturing,Corporate confidential,Company
incransom,fineconsulting,2026-06-11,RO,Financial Services,Financial,Company
incransom,fineconsulting,2026-06-11,RO,Financial Services,Customer data,Customers
incransom,fineconsulting,2026-06-11,RO,Financial Services,Intellectual property / technical,Company
incransom,fineconsulting,2026-06-11,RO,Financial Services,Corporate confidential,Company
incransom,DISCOLABINDU,2026-06-11,FR,Financial Services,Financial,Company
incransom,DISCOLABINDU,2026-06-11,FR,Financial Services,Customer data,Customers
incransom,DISCOLABINDU,2026-06-11,FR,Financial Services,Intellectual property / technical,Company
incransom,DISCOLABINDU,2026-06-11,FR,Financial Services,Corporate confidential,Company
play,Rainbow Distributors USA,2026-06-10,US,Retail & Consumer,Personal data (PII),Individuals (unspecified)
play,Rainbow Distributors USA,2026-06-10,US,Retail & Consumer,Employee / HR,Employees
play,Rainbow Distributors USA,2026-06-10,US,Retail & Consumer,Financial,Company
play,Rainbow Distributors USA,2026-06-10,US,Retail & Consumer,Customer data,Customers
play,Rainbow Distributors USA,2026-06-10,US,Retail & Consumer,Corporate confidential,Company
play,Mundt and Associates,2026-06-10,US,Manufacturing,Personal data (PII),Individuals (unspecified)
play,Mundt and Associates,2026-06-10,US,Manufacturing,Employee / HR,Employees
play,Mundt and Associates,2026-06-10,US,Manufacturing,Financial,Company
play,Mundt and Associates,2026-06-10,US,Manufacturing,Customer data,Customers
play,Mundt and Associates,2026-06-10,US,Manufacturing,Corporate confidential,Company
akira,The Midland Theatre,2026-06-10,,Unknown,Personal data (PII),Individuals (unspecified)
akira,The Midland Theatre,2026-06-10,,Unknown,Employee / HR,Employees
akira,The Midland Theatre,2026-06-10,,Unknown,Financial,Company
akira,The Midland Theatre,2026-06-10,,Unknown,Customer data,Customers
akira,The Midland Theatre,2026-06-10,,Unknown,Legal / contracts,Company
akira,The Midland Theatre,2026-06-10,,Unknown,Corporate confidential,Company
akira,Port Air Express,2026-06-10,,Transportation & Logistics,Personal data (PII),Individuals (unspecified)
akira,Port Air Express,2026-06-10,,Transportation & Logistics,Employee / HR,Employees
akira,Port Air Express,2026-06-10,,Transportation & Logistics,Financial,Company
akira,Port Air Express,2026-06-10,,Transportation & Logistics,Corporate confidential,Company
akira,Associated Investor Services,2026-06-10,,Financial Services,Personal data (PII),Individuals (unspecified)
akira,Associated Investor Services,2026-06-10,,Financial Services,Employee / HR,Employees
akira,Associated Investor Services,2026-06-10,,Financial Services,Financial,Company
akira,Associated Investor Services,2026-06-10,,Financial Services,Customer data,Customers
akira,Associated Investor Services,2026-06-10,,Financial Services,Legal / contracts,Company
akira,Associated Investor Services,2026-06-10,,Financial Services,Corporate confidential,Company
akira,Spray Equipment & Service Cent er,2026-06-09,,Manufacturing,Personal data (PII),Individuals (unspecified)
akira,Spray Equipment & Service Cent er,2026-06-09,,Manufacturing,Employee / HR,Employees
akira,Spray Equipment & Service Cent er,2026-06-09,,Manufacturing,Financial,Company
akira,Spray Equipment & Service Cent er,2026-06-09,,Manufacturing,Legal / contracts,Company
akira,Spray Equipment & Service Cent er,2026-06-09,,Manufacturing,Intellectual property / technical,Company
akira,Spray Equipment & Service Cent er,2026-06-09,,Manufacturing,Corporate confidential,Company
akira,SMPC Architects,2026-06-09,MX,Construction,Personal data (PII),Individuals (unspecified)
akira,SMPC Architects,2026-06-09,MX,Construction,Employee / HR,Employees
akira,SMPC Architects,2026-06-09,MX,Construction,Financial,Company
akira,SMPC Architects,2026-06-09,MX,Construction,Customer data,Customers
akira,SMPC Architects,2026-06-09,MX,Construction,Legal / contracts,Company
akira,SMPC Architects,2026-06-09,MX,Construction,Corporate confidential,Company
akira,Rockaway River Country Club,2026-06-09,,Hospitality & Leisure,Personal data (PII),Individuals (unspecified)
akira,Rockaway River Country Club,2026-06-09,,Hospitality & Leisure,Employee / HR,Employees
akira,Rockaway River Country Club,2026-06-09,,Hospitality & Leisure,Financial,Company
akira,Rockaway River Country Club,2026-06-09,,Hospitality & Leisure,Customer data,Customers
akira,Rockaway River Country Club,2026-06-09,,Hospitality & Leisure,Legal / contracts,Company
akira,Rockaway River Country Club,2026-06-09,,Hospitality & Leisure,Intellectual property / technical,Company
akira,Rockaway River Country Club,2026-06-09,,Hospitality & Leisure,Corporate confidential,Company
akira,HRC Sicherheitsdienste,2026-06-08,,Healthcare,Personal data (PII),Individuals (unspecified)
akira,HRC Sicherheitsdienste,2026-06-08,,Healthcare,Employee / HR,Employees
akira,HRC Sicherheitsdienste,2026-06-08,,Healthcare,Financial,Company
akira,HRC Sicherheitsdienste,2026-06-08,,Healthcare,Legal / contracts,Company
akira,HRC Sicherheitsdienste,2026-06-08,,Healthcare,Corporate confidential,Company
play,Pearson Ford,2026-06-06,US,Unknown,Personal data (PII),Individuals (unspecified)
play,Pearson Ford,2026-06-06,US,Unknown,Employee / HR,Employees
play,Pearson Ford,2026-06-06,US,Unknown,Financial,Company
play,Pearson Ford,2026-06-06,US,Unknown,Customer data,Customers
play,Pearson Ford,2026-06-06,US,Unknown,Corporate confidential,Company
akira,T/CCI Manufacturing,2026-06-05,,Manufacturing,Personal data (PII),Individuals (unspecified)
akira,T/CCI Manufacturing,2026-06-05,,Manufacturing,Employee / HR,Employees
akira,T/CCI Manufacturing,2026-06-05,,Manufacturing,Financial,Company
akira,T/CCI Manufacturing,2026-06-05,,Manufacturing,Customer data,Customers
akira,T/CCI Manufacturing,2026-06-05,,Manufacturing,Legal / contracts,Company
akira,T/CCI Manufacturing,2026-06-05,,Manufacturing,Corporate confidential,Company
akira,Oaks Park,2026-06-05,,Hospitality & Leisure,Employee / HR,Employees
akira,Oaks Park,2026-06-05,,Hospitality & Leisure,Financial,Company
akira,Oaks Park,2026-06-05,,Hospitality & Leisure,Legal / contracts,Company
akira,Oaks Park,2026-06-05,,Hospitality & Leisure,Corporate confidential,Company
akira,Kennon Worldwide,2026-06-05,,Technology,Customer data,Customers
akira,Kennon Worldwide,2026-06-05,,Technology,Legal / contracts,Company
akira,Kennon Worldwide,2026-06-05,,Technology,Corporate confidential,Company
play,The Chapel,2026-06-04,US,Unknown,Personal data (PII),Individuals (unspecified)
play,The Chapel,2026-06-04,US,Unknown,Employee / HR,Employees
play,The Chapel,2026-06-04,US,Unknown,Financial,Company
play,The Chapel,2026-06-04,US,Unknown,Customer data,Customers
play,The Chapel,2026-06-04,US,Unknown,Corporate confidential,Company
play,Dallis Law Firm,2026-06-04,US,Business Services,Personal data (PII),Individuals (unspecified)
play,Dallis Law Firm,2026-06-04,US,Business Services,Employee / HR,Employees
play,Dallis Law Firm,2026-06-04,US,Business Services,Financial,Company
play,Dallis Law Firm,2026-06-04,US,Business Services,Customer data,Customers
play,Dallis Law Firm,2026-06-04,US,Business Services,Corporate confidential,Company
play,Corley MFG,2026-06-04,US,Manufacturing,Personal data (PII),Individuals (unspecified)
play,Corley MFG,2026-06-04,US,Manufacturing,Employee / HR,Employees
play,Corley MFG,2026-06-04,US,Manufacturing,Financial,Company
play,Corley MFG,2026-06-04,US,Manufacturing,Customer data,Customers
play,Corley MFG,2026-06-04,US,Manufacturing,Corporate confidential,Company
akira,Northern Ohio Regional Multipl e Listing Service,2026-06-04,,Education,Financial,Company
akira,Northern Ohio Regional Multipl e Listing Service,2026-06-04,,Education,Customer data,Customers
akira,Northern Ohio Regional Multipl e Listing Service,2026-06-04,,Education,Legal / contracts,Company
akira,Northern Ohio Regional Multipl e Listing Service,2026-06-04,,Education,Corporate confidential,Company
akira,National Standard Parts Associ ates,2026-06-04,,Manufacturing,Personal data (PII),Individuals (unspecified)
akira,National Standard Parts Associ ates,2026-06-04,,Manufacturing,Employee / HR,Employees
akira,National Standard Parts Associ ates,2026-06-04,,Manufacturing,Financial,Company
akira,National Standard Parts Associ ates,2026-06-04,,Manufacturing,Customer data,Customers
akira,National Standard Parts Associ ates,2026-06-04,,Manufacturing,Legal / contracts,Company
akira,National Standard Parts Associ ates,2026-06-04,,Manufacturing,Corporate confidential,Company
incransom,Colina Financial Advisors,2026-06-03,BS,Financial Services,Personal data (PII),Individuals (unspecified)
incransom,Colina Financial Advisors,2026-06-03,BS,Financial Services,Financial,Company
incransom,Colina Financial Advisors,2026-06-03,BS,Financial Services,Customer data,Customers
akira,Hal Otey Financial,2026-06-03,,Financial Services,Personal data (PII),Individuals (unspecified)
akira,Hal Otey Financial,2026-06-03,,Financial Services,Financial,Company
akira,Hal Otey Financial,2026-06-03,,Financial Services,Customer data,Customers
akira,Hal Otey Financial,2026-06-03,,Financial Services,Legal / contracts,Company
akira,Hal Otey Financial,2026-06-03,,Financial Services,Corporate confidential,Company
akira,Factors Western,2026-06-03,,Unknown,Personal data (PII),Individuals (unspecified)
akira,Factors Western,2026-06-03,,Unknown,Employee / HR,Employees
akira,Factors Western,2026-06-03,,Unknown,Financial,Company
akira,Factors Western,2026-06-03,,Unknown,Customer data,Customers
akira,Factors Western,2026-06-03,,Unknown,Legal / contracts,Company
akira,Factors Western,2026-06-03,,Unknown,Corporate confidential,Company
akira,Cherokee Distributing Co,2026-06-03,,Retail & Consumer,Personal data (PII),Individuals (unspecified)
akira,Cherokee Distributing Co,2026-06-03,,Retail & Consumer,Employee / HR,Employees
akira,Cherokee Distributing Co,2026-06-03,,Retail & Consumer,Financial,Company
akira,Cherokee Distributing Co,2026-06-03,,Retail & Consumer,Customer data,Customers
akira,Cherokee Distributing Co,2026-06-03,,Retail & Consumer,Legal / contracts,Company
akira,Cherokee Distributing Co,2026-06-03,,Retail & Consumer,Corporate confidential,Company
play,Hightower Communications,2026-06-01,US,Construction,Personal data (PII),Individuals (unspecified)
play,Hightower Communications,2026-06-01,US,Construction,Employee / HR,Employees
play,Hightower Communications,2026-06-01,US,Construction,Financial,Company
play,Hightower Communications,2026-06-01,US,Construction,Customer data,Customers
play,Hightower Communications,2026-06-01,US,Construction,Corporate confidential,Company
play,Digitall Graphics,2026-06-01,CA,Unknown,Personal data (PII),Individuals (unspecified)
play,Digitall Graphics,2026-06-01,CA,Unknown,Employee / HR,Employees
play,Digitall Graphics,2026-06-01,CA,Unknown,Financial,Company
play,Digitall Graphics,2026-06-01,CA,Unknown,Customer data,Customers
play,Digitall Graphics,2026-06-01,CA,Unknown,Corporate confidential,Company
incransom,belimed.com,2026-05-29,US,Unknown,Employee / HR,Employees
incransom,belimed.com,2026-05-29,US,Unknown,Financial,Company
incransom,belimed.com,2026-05-29,US,Unknown,Customer data,Customers
incransom,belimed.com,2026-05-29,US,Unknown,Legal / contracts,Company
incransom,belimed.com,2026-05-29,US,Unknown,Credentials / IT,Company
akira,Schacht Law Office,2026-05-29,,Real Estate,Financial,Company
akira,Schacht Law Office,2026-05-29,,Real Estate,Customer data,Customers
akira,Schacht Law Office,2026-05-29,,Real Estate,Legal / contracts,Company
akira,Schacht Law Office,2026-05-29,,Real Estate,Corporate confidential,Company
akira,Interstate Roofing,2026-05-29,,Construction,Personal data (PII),Individuals (unspecified)
akira,Interstate Roofing,2026-05-29,,Construction,Employee / HR,Employees
akira,Interstate Roofing,2026-05-29,,Construction,Customer data,Customers
akira,Interstate Roofing,2026-05-29,,Construction,Legal / contracts,Company
akira,Interstate Roofing,2026-05-29,,Construction,Corporate confidential,Company
akira,Maschinen-Stockert,2026-05-28,,Manufacturing,Personal data (PII),Individuals (unspecified)
akira,Maschinen-Stockert,2026-05-28,,Manufacturing,Employee / HR,Employees
akira,Maschinen-Stockert,2026-05-28,,Manufacturing,Financial,Company
akira,Maschinen-Stockert,2026-05-28,,Manufacturing,Customer data,Customers
akira,Maschinen-Stockert,2026-05-28,,Manufacturing,Corporate confidential,Company
akira,GS Yuasa Lithium Power,2026-05-28,US,Manufacturing,Customer data,Customers
akira,GS Yuasa Lithium Power,2026-05-28,US,Manufacturing,Legal / contracts,Company
akira,GS Yuasa Lithium Power,2026-05-28,US,Manufacturing,Intellectual property / technical,Company
akira,GS Yuasa Lithium Power,2026-05-28,US,Manufacturing,Corporate confidential,Company
akira,Alpine Aerotech,2026-05-28,,Manufacturing,Employee / HR,Employees
akira,Alpine Aerotech,2026-05-28,,Manufacturing,Financial,Company
akira,Alpine Aerotech,2026-05-28,,Manufacturing,Customer data,Customers
akira,Alpine Aerotech,2026-05-28,,Manufacturing,Legal / contracts,Company
akira,Alpine Aerotech,2026-05-28,,Manufacturing,Intellectual property / technical,Company
akira,Alpine Aerotech,2026-05-28,,Manufacturing,Corporate confidential,Company
akira,Northwest Woodworks,2026-05-27,,Construction,Personal data (PII),Individuals (unspecified)
akira,Northwest Woodworks,2026-05-27,,Construction,Employee / HR,Employees
akira,Northwest Woodworks,2026-05-27,,Construction,Financial,Company
akira,Northwest Woodworks,2026-05-27,,Construction,Customer data,Customers
akira,Northwest Woodworks,2026-05-27,,Construction,Legal / contracts,Company
akira,Northwest Woodworks,2026-05-27,,Construction,Intellectual property / technical,Company
akira,Northwest Woodworks,2026-05-27,,Construction,Corporate confidential,Company
akira,Gone Fishin' Marine,2026-05-27,,Unknown,Employee / HR,Employees
akira,Gone Fishin' Marine,2026-05-27,,Unknown,Financial,Company
akira,Gone Fishin' Marine,2026-05-27,,Unknown,Customer data,Customers
akira,Gone Fishin' Marine,2026-05-27,,Unknown,Legal / contracts,Company
akira,Gone Fishin' Marine,2026-05-27,,Unknown,Corporate confidential,Company
akira,General Doors,2026-05-27,,Manufacturing,Financial,Company
akira,General Doors,2026-05-27,,Manufacturing,Corporate confidential,Company
akira,"Sunrise, Toscana Country Club, Andalusia Country Club.",2026-05-26,,Hospitality & Leisure,Personal data (PII),Individuals (unspecified)
akira,"Sunrise, Toscana Country Club, Andalusia Country Club.",2026-05-26,,Hospitality & Leisure,Employee / HR,Employees
akira,"Sunrise, Toscana Country Club, Andalusia Country Club.",2026-05-26,,Hospitality & Leisure,Financial,Company
akira,"Sunrise, Toscana Country Club, Andalusia Country Club.",2026-05-26,,Hospitality & Leisure,Customer data,Customers
akira,"Sunrise, Toscana Country Club, Andalusia Country Club.",2026-05-26,,Hospitality & Leisure,Legal / contracts,Company
akira,"Sunrise, Toscana Country Club, Andalusia Country Club.",2026-05-26,,Hospitality & Leisure,Corporate confidential,Company
play,Round Hill Country Club,2026-05-25,US,Hospitality & Leisure,Personal data (PII),Individuals (unspecified)
play,Round Hill Country Club,2026-05-25,US,Hospitality & Leisure,Employee / HR,Employees
play,Round Hill Country Club,2026-05-25,US,Hospitality & Leisure,Financial,Company
play,Round Hill Country Club,2026-05-25,US,Hospitality & Leisure,Customer data,Customers
play,Round Hill Country Club,2026-05-25,US,Hospitality & Leisure,Corporate confidential,Company
play,NL Fisher,2026-05-25,CA,Construction,Personal data (PII),Individuals (unspecified)
play,NL Fisher,2026-05-25,CA,Construction,Employee / HR,Employees
play,NL Fisher,2026-05-25,CA,Construction,Financial,Company
play,NL Fisher,2026-05-25,CA,Construction,Customer data,Customers
play,NL Fisher,2026-05-25,CA,Construction,Corporate confidential,Company
play,MyPillow,2026-05-25,US,Unknown,Personal data (PII),Individuals (unspecified)
play,MyPillow,2026-05-25,US,Unknown,Employee / HR,Employees
play,MyPillow,2026-05-25,US,Unknown,Financial,Company
play,MyPillow,2026-05-25,US,Unknown,Customer data,Customers
play,MyPillow,2026-05-25,US,Unknown,Corporate confidential,Company
play,Legend Networking & Telecom,2026-05-25,US,Technology,Personal data (PII),Individuals (unspecified)
play,Legend Networking & Telecom,2026-05-25,US,Technology,Employee / HR,Employees
play,Legend Networking & Telecom,2026-05-25,US,Technology,Financial,Company
play,Legend Networking & Telecom,2026-05-25,US,Technology,Customer data,Customers
play,Legend Networking & Telecom,2026-05-25,US,Technology,Corporate confidential,Company
play,GW Mechanical,2026-05-25,US,Construction,Personal data (PII),Individuals (unspecified)
play,GW Mechanical,2026-05-25,US,Construction,Employee / HR,Employees
play,GW Mechanical,2026-05-25,US,Construction,Financial,Company
play,GW Mechanical,2026-05-25,US,Construction,Customer data,Customers
play,GW Mechanical,2026-05-25,US,Construction,Corporate confidential,Company
play,De Waard Transport,2026-05-25,NL,Transportation & Logistics,Personal data (PII),Individuals (unspecified)
play,De Waard Transport,2026-05-25,NL,Transportation & Logistics,Employee / HR,Employees
play,De Waard Transport,2026-05-25,NL,Transportation & Logistics,Financial,Company
play,De Waard Transport,2026-05-25,NL,Transportation & Logistics,Customer data,Customers
play,De Waard Transport,2026-05-25,NL,Transportation & Logistics,Corporate confidential,Company
akira,Karlin Foods,2026-05-22,,Agriculture & Food,Employee / HR,Employees
akira,Karlin Foods,2026-05-22,,Agriculture & Food,Financial,Company
akira,Karlin Foods,2026-05-22,,Agriculture & Food,Customer data,Customers
akira,Karlin Foods,2026-05-22,,Agriculture & Food,Legal / contracts,Company
akira,Karlin Foods,2026-05-22,,Agriculture & Food,Corporate confidential,Company
akira,Gitis,2026-05-22,,Manufacturing,Personal data (PII),Individuals (unspecified)
akira,Gitis,2026-05-22,,Manufacturing,Employee / HR,Employees
akira,Gitis,2026-05-22,,Manufacturing,Financial,Company
akira,Gitis,2026-05-22,,Manufacturing,Customer data,Customers
akira,Gitis,2026-05-22,,Manufacturing,Legal / contracts,Company
akira,Gitis,2026-05-22,,Manufacturing,Corporate confidential,Company
akira,Function Enterprises,2026-05-22,,Construction,Personal data (PII),Individuals (unspecified)
akira,Function Enterprises,2026-05-22,,Construction,Employee / HR,Employees
akira,Function Enterprises,2026-05-22,,Construction,Financial,Company
akira,Function Enterprises,2026-05-22,,Construction,Customer data,Customers
akira,Function Enterprises,2026-05-22,,Construction,Legal / contracts,Company
akira,Function Enterprises,2026-05-22,,Construction,Corporate confidential,Company
akira,Buffalo Niagara Convention Cen ter,2026-05-22,,Hospitality & Leisure,Personal data (PII),Individuals (unspecified)
akira,Buffalo Niagara Convention Cen ter,2026-05-22,,Hospitality & Leisure,Employee / HR,Employees
akira,Buffalo Niagara Convention Cen ter,2026-05-22,,Hospitality & Leisure,Financial,Company
akira,Buffalo Niagara Convention Cen ter,2026-05-22,,Hospitality & Leisure,Customer data,Customers
akira,Buffalo Niagara Convention Cen ter,2026-05-22,,Hospitality & Leisure,Legal / contracts,Company
akira,Buffalo Niagara Convention Cen ter,2026-05-22,,Hospitality & Leisure,Corporate confidential,Company
incransom,threadinnovations,2026-05-21,CA,Financial Services,Financial,Company
incransom,threadinnovations,2026-05-21,CA,Financial Services,Customer data,Customers
incransom,threadinnovations,2026-05-21,CA,Financial Services,Intellectual property / technical,Company
incransom,threadinnovations,2026-05-21,CA,Financial Services,Corporate confidential,Company
akira,Sid Harvey's,2026-05-20,US,Retail & Consumer,Personal data (PII),Individuals (unspecified)
akira,Sid Harvey's,2026-05-20,US,Retail & Consumer,Employee / HR,Employees
akira,Sid Harvey's,2026-05-20,US,Retail & Consumer,Financial,Company
akira,Sid Harvey's,2026-05-20,US,Retail & Consumer,Customer data,Customers
akira,Sid Harvey's,2026-05-20,US,Retail & Consumer,Legal / contracts,Company
akira,Sid Harvey's,2026-05-20,US,Retail & Consumer,Corporate confidential,Company
play,Zuther Hautmann,2026-05-19,DE,Manufacturing,Personal data (PII),Individuals (unspecified)
play,Zuther Hautmann,2026-05-19,DE,Manufacturing,Employee / HR,Employees
play,Zuther Hautmann,2026-05-19,DE,Manufacturing,Financial,Company
play,Zuther Hautmann,2026-05-19,DE,Manufacturing,Customer data,Customers
play,Zuther Hautmann,2026-05-19,DE,Manufacturing,Corporate confidential,Company
akira,TSG Enterprises,2026-05-19,,Unknown,Personal data (PII),Individuals (unspecified)
akira,TSG Enterprises,2026-05-19,,Unknown,Employee / HR,Employees
akira,TSG Enterprises,2026-05-19,,Unknown,Financial,Company
akira,TSG Enterprises,2026-05-19,,Unknown,Customer data,Customers
akira,TSG Enterprises,2026-05-19,,Unknown,Legal / contracts,Company
akira,TSG Enterprises,2026-05-19,,Unknown,Corporate confidential,Company
akira,Acton Electrical,2026-05-19,,Technology,Personal data (PII),Individuals (unspecified)
akira,Acton Electrical,2026-05-19,,Technology,Employee / HR,Employees
akira,Acton Electrical,2026-05-19,,Technology,Financial,Company
akira,Acton Electrical,2026-05-19,,Technology,Legal / contracts,Company
akira,Acton Electrical,2026-05-19,,Technology,Corporate confidential,Company
akira,Vacu - Lug,2026-05-18,,Unknown,Personal data (PII),Individuals (unspecified)
akira,Vacu - Lug,2026-05-18,,Unknown,Employee / HR,Employees
akira,Vacu - Lug,2026-05-18,,Unknown,Financial,Company
akira,Vacu - Lug,2026-05-18,,Unknown,Legal / contracts,Company
akira,Vacu - Lug,2026-05-18,,Unknown,Corporate confidential,Company
akira,Healthtrax Fitness & Wellness,2026-05-18,,Healthcare,Personal data (PII),Individuals (unspecified)
akira,Healthtrax Fitness & Wellness,2026-05-18,,Healthcare,Employee / HR,Employees
akira,Healthtrax Fitness & Wellness,2026-05-18,,Healthcare,Financial,Company
akira,Healthtrax Fitness & Wellness,2026-05-18,,Healthcare,Customer data,Customers
akira,Healthtrax Fitness & Wellness,2026-05-18,,Healthcare,Legal / contracts,Company
akira,Healthtrax Fitness & Wellness,2026-05-18,,Healthcare,Corporate confidential,Company
akira,Fox Valley Tax Solutions,2026-05-15,,Unknown,Personal data (PII),Individuals (unspecified)
akira,Fox Valley Tax Solutions,2026-05-15,,Unknown,Financial,Company
akira,Fox Valley Tax Solutions,2026-05-15,,Unknown,Customer data,Customers
akira,Fox Valley Tax Solutions,2026-05-15,,Unknown,Legal / contracts,Company
akira,Fox Valley Tax Solutions,2026-05-15,,Unknown,Corporate confidential,Company
akira,Institute of Private Enterpris e Development,2026-05-13,,Unknown,Personal data (PII),Individuals (unspecified)
akira,Institute of Private Enterpris e Development,2026-05-13,,Unknown,Employee / HR,Employees
akira,Institute of Private Enterpris e Development,2026-05-13,,Unknown,Financial,Company
akira,Institute of Private Enterpris e Development,2026-05-13,,Unknown,Customer data,Customers
akira,Institute of Private Enterpris e Development,2026-05-13,,Unknown,Legal / contracts,Company
akira,Institute of Private Enterpris e Development,2026-05-13,,Unknown,Corporate confidential,Company
akira,Allele Diagnostics,2026-05-13,,Healthcare,Personal data (PII),Individuals (unspecified)
akira,Allele Diagnostics,2026-05-13,,Healthcare,Employee / HR,Employees
akira,Allele Diagnostics,2026-05-13,,Healthcare,Financial,Company
akira,Allele Diagnostics,2026-05-13,,Healthcare,Customer data,Customers
akira,Allele Diagnostics,2026-05-13,,Healthcare,Medical (PHI),Customers
akira,Allele Diagnostics,2026-05-13,,Healthcare,Legal / contracts,Company
akira,Allele Diagnostics,2026-05-13,,Healthcare,Corporate confidential,Company
play,Town Car International,2026-05-12,US,Transportation & Logistics,Personal data (PII),Individuals (unspecified)
play,Town Car International,2026-05-12,US,Transportation & Logistics,Employee / HR,Employees
play,Town Car International,2026-05-12,US,Transportation & Logistics,Financial,Company
play,Town Car International,2026-05-12,US,Transportation & Logistics,Customer data,Customers
play,Town Car International,2026-05-12,US,Transportation & Logistics,Corporate confidential,Company
play,Northern Mechanical Contractors,2026-05-12,US,Construction,Personal data (PII),Individuals (unspecified)
play,Northern Mechanical Contractors,2026-05-12,US,Construction,Employee / HR,Employees
play,Northern Mechanical Contractors,2026-05-12,US,Construction,Financial,Company
play,Northern Mechanical Contractors,2026-05-12,US,Construction,Customer data,Customers
play,Northern Mechanical Contractors,2026-05-12,US,Construction,Corporate confidential,Company
play,Infoworld Membership Systems,2026-05-12,US,Technology,Personal data (PII),Individuals (unspecified)
play,Infoworld Membership Systems,2026-05-12,US,Technology,Employee / HR,Employees
play,Infoworld Membership Systems,2026-05-12,US,Technology,Financial,Company
play,Infoworld Membership Systems,2026-05-12,US,Technology,Customer data,Customers
play,Infoworld Membership Systems,2026-05-12,US,Technology,Corporate confidential,Company
play,IWC Food Service,2026-05-12,US,Retail & Consumer,Personal data (PII),Individuals (unspecified)
play,IWC Food Service,2026-05-12,US,Retail & Consumer,Employee / HR,Employees
play,IWC Food Service,2026-05-12,US,Retail & Consumer,Financial,Company
play,IWC Food Service,2026-05-12,US,Retail & Consumer,Customer data,Customers
play,IWC Food Service,2026-05-12,US,Retail & Consumer,Corporate confidential,Company
play,DURAND-WAYLAND,2026-05-12,US,Construction,Personal data (PII),Individuals (unspecified)
play,DURAND-WAYLAND,2026-05-12,US,Construction,Employee / HR,Employees
play,DURAND-WAYLAND,2026-05-12,US,Construction,Financial,Company
play,DURAND-WAYLAND,2026-05-12,US,Construction,Customer data,Customers
play,DURAND-WAYLAND,2026-05-12,US,Construction,Corporate confidential,Company
play,Ashcroft Homes,2026-05-12,CA,Construction,Personal data (PII),Individuals (unspecified)
play,Ashcroft Homes,2026-05-12,CA,Construction,Employee / HR,Employees
play,Ashcroft Homes,2026-05-12,CA,Construction,Financial,Company
play,Ashcroft Homes,2026-05-12,CA,Construction,Customer data,Customers
play,Ashcroft Homes,2026-05-12,CA,Construction,Corporate confidential,Company
play,ACC Construction,2026-05-12,US,Construction,Personal data (PII),Individuals (unspecified)
play,ACC Construction,2026-05-12,US,Construction,Employee / HR,Employees
play,ACC Construction,2026-05-12,US,Construction,Financial,Company
play,ACC Construction,2026-05-12,US,Construction,Customer data,Customers
play,ACC Construction,2026-05-12,US,Construction,Corporate confidential,Company
akira,Vision 3 Architects,2026-05-12,,Construction,Personal data (PII),Individuals (unspecified)
akira,Vision 3 Architects,2026-05-12,,Construction,Employee / HR,Employees
akira,Vision 3 Architects,2026-05-12,,Construction,Customer data,Customers
akira,Vision 3 Architects,2026-05-12,,Construction,Legal / contracts,Company
akira,Vision 3 Architects,2026-05-12,,Construction,Corporate confidential,Company
akira,Taylor Clay Products,2026-05-12,,Construction,Personal data (PII),Individuals (unspecified)
akira,Taylor Clay Products,2026-05-12,,Construction,Employee / HR,Employees
akira,Taylor Clay Products,2026-05-12,,Construction,Customer data,Customers
akira,Taylor Clay Products,2026-05-12,,Construction,Legal / contracts,Company
akira,Taylor Clay Products,2026-05-12,,Construction,Intellectual property / technical,Company
akira,Taylor Clay Products,2026-05-12,,Construction,Corporate confidential,Company
akira,Manhattan Broadcasting,2026-05-12,,Hospitality & Leisure,Employee / HR,Employees
akira,Manhattan Broadcasting,2026-05-12,,Hospitality & Leisure,Legal / contracts,Company
akira,Manhattan Broadcasting,2026-05-12,,Hospitality & Leisure,Corporate confidential,Company
akira,Kaplan Companies,2026-05-12,,Real Estate,Personal data (PII),Individuals (unspecified)
akira,Kaplan Companies,2026-05-12,,Real Estate,Employee / HR,Employees
akira,Kaplan Companies,2026-05-12,,Real Estate,Financial,Company
akira,Kaplan Companies,2026-05-12,,Real Estate,Customer data,Customers
akira,Kaplan Companies,2026-05-12,,Real Estate,Legal / contracts,Company
akira,Kaplan Companies,2026-05-12,,Real Estate,Intellectual property / technical,Company
akira,Kaplan Companies,2026-05-12,,Real Estate,Corporate confidential,Company
incransom,rbh aerospace inc,2026-05-11,US,Manufacturing,Financial,Company
incransom,rbh aerospace inc,2026-05-11,US,Manufacturing,Legal / contracts,Company
incransom,rbh aerospace inc,2026-05-11,US,Manufacturing,Intellectual property / technical,Company
incransom,rbh aerospace inc,2026-05-11,US,Manufacturing,Corporate confidential,Company
akira,Nijborg Staal,2026-05-11,,Manufacturing,Personal data (PII),Individuals (unspecified)
akira,Nijborg Staal,2026-05-11,,Manufacturing,Employee / HR,Employees
akira,Nijborg Staal,2026-05-11,,Manufacturing,Financial,Company
akira,Nijborg Staal,2026-05-11,,Manufacturing,Legal / contracts,Company
akira,Nijborg Staal,2026-05-11,,Manufacturing,Intellectual property / technical,Company
akira,Nijborg Staal,2026-05-11,,Manufacturing,Corporate confidential,Company
akira,Clarkson Walsh & Coulter,2026-05-11,,Healthcare,Personal data (PII),Individuals (unspecified)
akira,Clarkson Walsh & Coulter,2026-05-11,,Healthcare,Employee / HR,Employees
akira,Clarkson Walsh & Coulter,2026-05-11,,Healthcare,Financial,Company
akira,Clarkson Walsh & Coulter,2026-05-11,,Healthcare,Customer data,Customers
akira,Clarkson Walsh & Coulter,2026-05-11,,Healthcare,Legal / contracts,Company
akira,Clarkson Walsh & Coulter,2026-05-11,,Healthcare,Corporate confidential,Company
akira,Circle U Foods,2026-05-11,,Agriculture & Food,Personal data (PII),Individuals (unspecified)
akira,Circle U Foods,2026-05-11,,Agriculture & Food,Employee / HR,Employees
akira,Circle U Foods,2026-05-11,,Agriculture & Food,Financial,Company
akira,Circle U Foods,2026-05-11,,Agriculture & Food,Customer data,Customers
akira,Circle U Foods,2026-05-11,,Agriculture & Food,Legal / contracts,Company
akira,Circle U Foods,2026-05-11,,Agriculture & Food,Intellectual property / technical,Company
akira,Circle U Foods,2026-05-11,,Agriculture & Food,Corporate confidential,Company
incransom,Calsoft Inc,2026-05-08,US,Technology,Personal data (PII),Individuals (unspecified)
incransom,Calsoft Inc,2026-05-08,US,Technology,Employee / HR,Employees
incransom,Calsoft Inc,2026-05-08,US,Technology,Financial,Company
incransom,Calsoft Inc,2026-05-08,US,Technology,Customer data,Customers
incransom,Calsoft Inc,2026-05-08,US,Technology,Legal / contracts,Company
incransom,Calsoft Inc,2026-05-08,US,Technology,Intellectual property / technical,Company
incransom,Calsoft Inc,2026-05-08,US,Technology,Corporate confidential,Company
akira,Zojirushi,2026-05-08,,Energy & Utilities,Personal data (PII),Individuals (unspecified)
akira,Zojirushi,2026-05-08,,Energy & Utilities,Employee / HR,Employees
akira,Zojirushi,2026-05-08,,Energy & Utilities,Financial,Company
akira,Zojirushi,2026-05-08,,Energy & Utilities,Legal / contracts,Company
akira,Zojirushi,2026-05-08,,Energy & Utilities,Corporate confidential,Company
akira,Réseau Radiologique Romand,2026-05-08,,Healthcare,Personal data (PII),Individuals (unspecified)
akira,Réseau Radiologique Romand,2026-05-08,,Healthcare,Employee / HR,Employees
akira,Réseau Radiologique Romand,2026-05-08,,Healthcare,Medical (PHI),Customers
akira,Réseau Radiologique Romand,2026-05-08,,Healthcare,Legal / contracts,Company
akira,Réseau Radiologique Romand,2026-05-08,,Healthcare,Corporate confidential,Company
akira,Greenwoods Dental Centre,2026-05-08,,Healthcare,Personal data (PII),Individuals (unspecified)
akira,Greenwoods Dental Centre,2026-05-08,,Healthcare,Employee / HR,Employees
akira,Greenwoods Dental Centre,2026-05-08,,Healthcare,Financial,Company
akira,Greenwoods Dental Centre,2026-05-08,,Healthcare,Medical (PHI),Customers
akira,Greenwoods Dental Centre,2026-05-08,,Healthcare,Legal / contracts,Company
akira,Greenwoods Dental Centre,2026-05-08,,Healthcare,Corporate confidential,Company
play,K & E Distributing,2026-05-07,US,Construction,Personal data (PII),Individuals (unspecified)
play,K & E Distributing,2026-05-07,US,Construction,Employee / HR,Employees
play,K & E Distributing,2026-05-07,US,Construction,Financial,Company
play,K & E Distributing,2026-05-07,US,Construction,Customer data,Customers
play,K & E Distributing,2026-05-07,US,Construction,Corporate confidential,Company
play,EMA Engineering & Consulting,2026-05-07,US,Construction,Personal data (PII),Individuals (unspecified)
play,EMA Engineering & Consulting,2026-05-07,US,Construction,Employee / HR,Employees
play,EMA Engineering & Consulting,2026-05-07,US,Construction,Financial,Company
play,EMA Engineering & Consulting,2026-05-07,US,Construction,Customer data,Customers
play,EMA Engineering & Consulting,2026-05-07,US,Construction,Corporate confidential,Company
play,Accessoires Outillage Ltee,2026-05-07,CA,Manufacturing,Personal data (PII),Individuals (unspecified)
play,Accessoires Outillage Ltee,2026-05-07,CA,Manufacturing,Employee / HR,Employees
play,Accessoires Outillage Ltee,2026-05-07,CA,Manufacturing,Financial,Company
play,Accessoires Outillage Ltee,2026-05-07,CA,Manufacturing,Customer data,Customers
play,Accessoires Outillage Ltee,2026-05-07,CA,Manufacturing,Corporate confidential,Company
incransom,cmswpc.com,2026-05-07,US,Unknown,Medical (PHI),Customers
incransom,cmswpc.com,2026-05-07,US,Unknown,Corporate confidential,Company
akira,Jacobs Doland Beer,2026-05-07,US,Business Services,Personal data (PII),Individuals (unspecified)
akira,Jacobs Doland Beer,2026-05-07,US,Business Services,Employee / HR,Employees
akira,Jacobs Doland Beer,2026-05-07,US,Business Services,Financial,Company
akira,Jacobs Doland Beer,2026-05-07,US,Business Services,Customer data,Customers
akira,Jacobs Doland Beer,2026-05-07,US,Business Services,Legal / contracts,Company
akira,Jacobs Doland Beer,2026-05-07,US,Business Services,Corporate confidential,Company
akira,Grau GmbH,2026-05-07,,Retail & Consumer,Personal data (PII),Individuals (unspecified)
akira,Grau GmbH,2026-05-07,,Retail & Consumer,Employee / HR,Employees
akira,Grau GmbH,2026-05-07,,Retail & Consumer,Financial,Company
akira,Grau GmbH,2026-05-07,,Retail & Consumer,Customer data,Customers
akira,Grau GmbH,2026-05-07,,Retail & Consumer,Corporate confidential,Company
akira,Elia Law Firm,2026-05-07,,Business Services,Personal data (PII),Individuals (unspecified)
akira,Elia Law Firm,2026-05-07,,Business Services,Employee / HR,Employees
akira,Elia Law Firm,2026-05-07,,Business Services,Financial,Company
akira,Elia Law Firm,2026-05-07,,Business Services,Corporate confidential,Company
akira,SDK Environmental,2026-05-06,,Real Estate,Personal data (PII),Individuals (unspecified)
akira,SDK Environmental,2026-05-06,,Real Estate,Employee / HR,Employees
akira,SDK Environmental,2026-05-06,,Real Estate,Financial,Company
akira,SDK Environmental,2026-05-06,,Real Estate,Customer data,Customers
akira,SDK Environmental,2026-05-06,,Real Estate,Legal / contracts,Company
akira,SDK Environmental,2026-05-06,,Real Estate,Corporate confidential,Company
akira,Moorman Harting,2026-05-06,,Financial Services,Personal data (PII),Individuals (unspecified)
akira,Moorman Harting,2026-05-06,,Financial Services,Employee / HR,Employees
akira,Moorman Harting,2026-05-06,,Financial Services,Financial,Company
akira,Moorman Harting,2026-05-06,,Financial Services,Customer data,Customers
akira,Moorman Harting,2026-05-06,,Financial Services,Legal / contracts,Company
akira,Moorman Harting,2026-05-06,,Financial Services,Corporate confidential,Company
akira,Clinical Registry Solutions,2026-05-06,US,Healthcare,Personal data (PII),Individuals (unspecified)
akira,Clinical Registry Solutions,2026-05-06,US,Healthcare,Employee / HR,Employees
akira,Clinical Registry Solutions,2026-05-06,US,Healthcare,Financial,Company
akira,Clinical Registry Solutions,2026-05-06,US,Healthcare,Customer data,Customers
akira,Clinical Registry Solutions,2026-05-06,US,Healthcare,Legal / contracts,Company
akira,Clinical Registry Solutions,2026-05-06,US,Healthcare,Corporate confidential,Company
akira,ABI and Ideal Tape,2026-05-06,,Retail & Consumer,Personal data (PII),Individuals (unspecified)
akira,ABI and Ideal Tape,2026-05-06,,Retail & Consumer,Employee / HR,Employees
akira,ABI and Ideal Tape,2026-05-06,,Retail & Consumer,Customer data,Customers
akira,ABI and Ideal Tape,2026-05-06,,Retail & Consumer,Legal / contracts,Company
akira,ABI and Ideal Tape,2026-05-06,,Retail & Consumer,Corporate confidential,Company
akira,Punch & Associates Investment Management,2026-05-05,,Financial Services,Personal data (PII),Individuals (unspecified)
akira,Punch & Associates Investment Management,2026-05-05,,Financial Services,Employee / HR,Employees
akira,Punch & Associates Investment Management,2026-05-05,,Financial Services,Financial,Company
akira,Punch & Associates Investment Management,2026-05-05,,Financial Services,Customer data,Customers
akira,Punch & Associates Investment Management,2026-05-05,,Financial Services,Legal / contracts,Company
akira,Punch & Associates Investment Management,2026-05-05,,Financial Services,Corporate confidential,Company
akira,Pipestone,2026-05-05,,Healthcare,Personal data (PII),Individuals (unspecified)
akira,Pipestone,2026-05-05,,Healthcare,Employee / HR,Employees
akira,Pipestone,2026-05-05,,Healthcare,Financial,Company
akira,Pipestone,2026-05-05,,Healthcare,Customer data,Customers
akira,Pipestone,2026-05-05,,Healthcare,Legal / contracts,Company
akira,Pipestone,2026-05-05,,Healthcare,Corporate confidential,Company
akira,ATF Aerospace,2026-04-30,,Manufacturing,Personal data (PII),Individuals (unspecified)
akira,ATF Aerospace,2026-04-30,,Manufacturing,Employee / HR,Employees
akira,ATF Aerospace,2026-04-30,,Manufacturing,Customer data,Customers
akira,ATF Aerospace,2026-04-30,,Manufacturing,Legal / contracts,Company
akira,ATF Aerospace,2026-04-30,,Manufacturing,Corporate confidential,Company
incransom,Iowa Spring Manufacturing & Sales,2026-04-29,US,Manufacturing,Financial,Company
incransom,Iowa Spring Manufacturing & Sales,2026-04-29,US,Manufacturing,Legal / contracts,Company
incransom,Iowa Spring Manufacturing & Sales,2026-04-29,US,Manufacturing,Corporate confidential,Company
incransom,Selex - Gruppo Commerciale,2026-04-27,IT,Technology,Personal data (PII),Individuals (unspecified)
incransom,Selex - Gruppo Commerciale,2026-04-27,IT,Technology,Employee / HR,Employees
incransom,Selex - Gruppo Commerciale,2026-04-27,IT,Technology,Financial,Company
incransom,Selex - Gruppo Commerciale,2026-04-27,IT,Technology,Customer data,Customers
incransom,Selex - Gruppo Commerciale,2026-04-27,IT,Technology,Legal / contracts,Company
incransom,Selex - Gruppo Commerciale,2026-04-27,IT,Technology,Credentials / IT,Company
incransom,BELFOR,2026-04-27,SG,Unknown,Personal data (PII),Individuals (unspecified)
incransom,BELFOR,2026-04-27,SG,Unknown,Employee / HR,Employees
incransom,BELFOR,2026-04-27,SG,Unknown,Financial,Company
incransom,BELFOR,2026-04-27,SG,Unknown,Customer data,Customers
incransom,BELFOR,2026-04-27,SG,Unknown,Legal / contracts,Company
incransom,BELFOR,2026-04-27,SG,Unknown,Intellectual property / technical,Company
incransom,BELFOR,2026-04-27,SG,Unknown,Corporate confidential,Company
incransom,MTCI,2026-04-26,US,Technology,Personal data (PII),Individuals (unspecified)
incransom,MTCI,2026-04-26,US,Technology,Employee / HR,Employees
incransom,MTCI,2026-04-26,US,Technology,Financial,Company
incransom,MTCI,2026-04-26,US,Technology,Intellectual property / technical,Company
incransom,MTCI,2026-04-26,US,Technology,Corporate confidential,Company
akira,Rockville Fuel & Feed,2026-04-24,,Construction,Personal data (PII),Individuals (unspecified)
akira,Rockville Fuel & Feed,2026-04-24,,Construction,Employee / HR,Employees
akira,Rockville Fuel & Feed,2026-04-24,,Construction,Financial,Company
akira,Rockville Fuel & Feed,2026-04-24,,Construction,Customer data,Customers
akira,Rockville Fuel & Feed,2026-04-24,,Construction,Legal / contracts,Company
akira,Rockville Fuel & Feed,2026-04-24,,Construction,Corporate confidential,Company
incransom,Dorotea Sweden,2026-04-23,SE,Government,Employee / HR,Employees
incransom,Dorotea Sweden,2026-04-23,SE,Government,Customer data,Customers
akira,Gumpp Kunststoffe,2026-04-23,,Manufacturing,Personal data (PII),Individuals (unspecified)
akira,Gumpp Kunststoffe,2026-04-23,,Manufacturing,Employee / HR,Employees
akira,Gumpp Kunststoffe,2026-04-23,,Manufacturing,Customer data,Customers
akira,Gumpp Kunststoffe,2026-04-23,,Manufacturing,Legal / contracts,Company
akira,Gumpp Kunststoffe,2026-04-23,,Manufacturing,Corporate confidential,Company
akira,Alkegen,2026-04-23,,Energy & Utilities,Personal data (PII),Individuals (unspecified)
akira,Alkegen,2026-04-23,,Energy & Utilities,Employee / HR,Employees
akira,Alkegen,2026-04-23,,Energy & Utilities,Financial,Company
akira,Alkegen,2026-04-23,,Energy & Utilities,Customer data,Customers
akira,Alkegen,2026-04-23,,Energy & Utilities,Legal / contracts,Company
akira,Alkegen,2026-04-23,,Energy & Utilities,Corporate confidential,Company
akira,S4K Entertainment,2026-04-22,,Hospitality & Leisure,Personal data (PII),Individuals (unspecified)
akira,S4K Entertainment,2026-04-22,,Hospitality & Leisure,Employee / HR,Employees
akira,S4K Entertainment,2026-04-22,,Hospitality & Leisure,Financial,Company
akira,S4K Entertainment,2026-04-22,,Hospitality & Leisure,Customer data,Customers
akira,S4K Entertainment,2026-04-22,,Hospitality & Leisure,Legal / contracts,Company
akira,S4K Entertainment,2026-04-22,,Hospitality & Leisure,Corporate confidential,Company
akira,Kubiak Melton & Associates,2026-04-22,,Unknown,Personal data (PII),Individuals (unspecified)
akira,Kubiak Melton & Associates,2026-04-22,,Unknown,Financial,Company
akira,Kubiak Melton & Associates,2026-04-22,,Unknown,Customer data,Customers
akira,Kubiak Melton & Associates,2026-04-22,,Unknown,Legal / contracts,Company
akira,Kubiak Melton & Associates,2026-04-22,,Unknown,Corporate confidential,Company
akira,Salimetrics,2026-04-21,,Manufacturing,Employee / HR,Employees
akira,Salimetrics,2026-04-21,,Manufacturing,Financial,Company
akira,Salimetrics,2026-04-21,,Manufacturing,Customer data,Customers
akira,Salimetrics,2026-04-21,,Manufacturing,Medical (PHI),Customers
akira,Salimetrics,2026-04-21,,Manufacturing,Corporate confidential,Company
akira,MAC Construction & Excavating,2026-04-21,,Construction,Personal data (PII),Individuals (unspecified)
akira,MAC Construction & Excavating,2026-04-21,,Construction,Employee / HR,Employees
akira,MAC Construction & Excavating,2026-04-21,,Construction,Financial,Company
akira,MAC Construction & Excavating,2026-04-21,,Construction,Corporate confidential,Company
akira,Arctic Home Living,2026-04-21,,Unknown,Personal data (PII),Individuals (unspecified)
akira,Arctic Home Living,2026-04-21,,Unknown,Employee / HR,Employees
akira,Arctic Home Living,2026-04-21,,Unknown,Financial,Company
akira,Arctic Home Living,2026-04-21,,Unknown,Customer data,Customers
akira,Arctic Home Living,2026-04-21,,Unknown,Legal / contracts,Company
akira,Arctic Home Living,2026-04-21,,Unknown,Corporate confidential,Company
akira,Alva Manufacturing,2026-04-21,,Manufacturing,Personal data (PII),Individuals (unspecified)
akira,Alva Manufacturing,2026-04-21,,Manufacturing,Employee / HR,Employees
akira,Alva Manufacturing,2026-04-21,,Manufacturing,Financial,Company
akira,Alva Manufacturing,2026-04-21,,Manufacturing,Legal / contracts,Company
akira,Alva Manufacturing,2026-04-21,,Manufacturing,Corporate confidential,Company
incransom,rheem,2026-04-20,US,Energy & Utilities,Personal data (PII),Individuals (unspecified)
incransom,rheem,2026-04-20,US,Energy & Utilities,Employee / HR,Employees
incransom,rheem,2026-04-20,US,Energy & Utilities,Financial,Company
incransom,rheem,2026-04-20,US,Energy & Utilities,Legal / contracts,Company
incransom,rheem,2026-04-20,US,Energy & Utilities,Intellectual property / technical,Company
incransom,rheem,2026-04-20,US,Energy & Utilities,Corporate confidential,Company
akira,Integra Architecture,2026-04-20,,Construction,Employee / HR,Employees
akira,Integra Architecture,2026-04-20,,Construction,Customer data,Customers
akira,Integra Architecture,2026-04-20,,Construction,Legal / contracts,Company
akira,Integra Architecture,2026-04-20,,Construction,Intellectual property / technical,Company
akira,Integra Architecture,2026-04-20,,Construction,Corporate confidential,Company
akira,R Roese Contracting,2026-04-16,,Energy & Utilities,Personal data (PII),Individuals (unspecified)
akira,R Roese Contracting,2026-04-16,,Energy & Utilities,Employee / HR,Employees
akira,R Roese Contracting,2026-04-16,,Energy & Utilities,Financial,Company
akira,R Roese Contracting,2026-04-16,,Energy & Utilities,Customer data,Customers
akira,R Roese Contracting,2026-04-16,,Energy & Utilities,Legal / contracts,Company
akira,R Roese Contracting,2026-04-16,,Energy & Utilities,Corporate confidential,Company
akira,Pharmathek,2026-04-16,,Technology,Personal data (PII),Individuals (unspecified)
akira,Pharmathek,2026-04-16,,Technology,Employee / HR,Employees
akira,Pharmathek,2026-04-16,,Technology,Financial,Company
akira,Pharmathek,2026-04-16,,Technology,Customer data,Customers
akira,Pharmathek,2026-04-16,,Technology,Legal / contracts,Company
akira,Pharmathek,2026-04-16,,Technology,Corporate confidential,Company
akira,Law Offices of James C Shields,2026-04-16,,Financial Services,Personal data (PII),Individuals (unspecified)
akira,Law Offices of James C Shields,2026-04-16,,Financial Services,Financial,Company
akira,Law Offices of James C Shields,2026-04-16,,Financial Services,Customer data,Customers
akira,Law Offices of James C Shields,2026-04-16,,Financial Services,Corporate confidential,Company
akira,Truckload Carriers Association,2026-04-15,,Unknown,Personal data (PII),Individuals (unspecified)
akira,Truckload Carriers Association,2026-04-15,,Unknown,Employee / HR,Employees
akira,Truckload Carriers Association,2026-04-15,,Unknown,Financial,Company
akira,Truckload Carriers Association,2026-04-15,,Unknown,Customer data,Customers
akira,Truckload Carriers Association,2026-04-15,,Unknown,Legal / contracts,Company
akira,Truckload Carriers Association,2026-04-15,,Unknown,Corporate confidential,Company
akira,Fletcher Chrysler Products,2026-04-15,,Manufacturing,Personal data (PII),Individuals (unspecified)
akira,Fletcher Chrysler Products,2026-04-15,,Manufacturing,Employee / HR,Employees
akira,Fletcher Chrysler Products,2026-04-15,,Manufacturing,Financial,Company
akira,Fletcher Chrysler Products,2026-04-15,,Manufacturing,Customer data,Customers
akira,Fletcher Chrysler Products,2026-04-15,,Manufacturing,Legal / contracts,Company
akira,Fletcher Chrysler Products,2026-04-15,,Manufacturing,Corporate confidential,Company
akira,CIR Realty,2026-04-15,CA,Real Estate,Personal data (PII),Individuals (unspecified)
akira,CIR Realty,2026-04-15,CA,Real Estate,Employee / HR,Employees
akira,CIR Realty,2026-04-15,CA,Real Estate,Financial,Company
akira,CIR Realty,2026-04-15,CA,Real Estate,Customer data,Customers
akira,CIR Realty,2026-04-15,CA,Real Estate,Legal / contracts,Company
akira,CIR Realty,2026-04-15,CA,Real Estate,Corporate confidential,Company
incransom,Arban & Carosi,2026-04-14,US,Unknown,Employee / HR,Employees
incransom,Arban & Carosi,2026-04-14,US,Unknown,Financial,Company
incransom,Arban & Carosi,2026-04-14,US,Unknown,Customer data,Customers
incransom,Arban & Carosi,2026-04-14,US,Unknown,Legal / contracts,Company
incransom,Arban & Carosi,2026-04-14,US,Unknown,Corporate confidential,Company
akira,ServiceMaster Clean services,2026-04-14,,Unknown,Personal data (PII),Individuals (unspecified)
akira,ServiceMaster Clean services,2026-04-14,,Unknown,Employee / HR,Employees
akira,ServiceMaster Clean services,2026-04-14,,Unknown,Financial,Company
akira,ServiceMaster Clean services,2026-04-14,,Unknown,Customer data,Customers
akira,ServiceMaster Clean services,2026-04-14,,Unknown,Legal / contracts,Company
akira,ServiceMaster Clean services,2026-04-14,,Unknown,Corporate confidential,Company
akira,La Tuilerie,2026-04-14,,Construction,Personal data (PII),Individuals (unspecified)
akira,La Tuilerie,2026-04-14,,Construction,Employee / HR,Employees
akira,La Tuilerie,2026-04-14,,Construction,Financial,Company
akira,La Tuilerie,2026-04-14,,Construction,Customer data,Customers
akira,La Tuilerie,2026-04-14,,Construction,Legal / contracts,Company
akira,La Tuilerie,2026-04-14,,Construction,Corporate confidential,Company
akira,INDESMALLA,2026-04-14,,Manufacturing,Personal data (PII),Individuals (unspecified)
akira,INDESMALLA,2026-04-14,,Manufacturing,Employee / HR,Employees
akira,INDESMALLA,2026-04-14,,Manufacturing,Financial,Company
akira,INDESMALLA,2026-04-14,,Manufacturing,Customer data,Customers
akira,INDESMALLA,2026-04-14,,Manufacturing,Legal / contracts,Company
akira,INDESMALLA,2026-04-14,,Manufacturing,Corporate confidential,Company
akira,CSA SpA,2026-04-14,,Transportation & Logistics,Personal data (PII),Individuals (unspecified)
akira,CSA SpA,2026-04-14,,Transportation & Logistics,Employee / HR,Employees
akira,CSA SpA,2026-04-14,,Transportation & Logistics,Financial,Company
akira,CSA SpA,2026-04-14,,Transportation & Logistics,Customer data,Customers
akira,CSA SpA,2026-04-14,,Transportation & Logistics,Legal / contracts,Company
akira,CSA SpA,2026-04-14,,Transportation & Logistics,Corporate confidential,Company
akira,DeMera DeMera Cameron,2026-04-13,,Business Services,Personal data (PII),Individuals (unspecified)
akira,DeMera DeMera Cameron,2026-04-13,,Business Services,Financial,Company
akira,DeMera DeMera Cameron,2026-04-13,,Business Services,Customer data,Customers
akira,DeMera DeMera Cameron,2026-04-13,,Business Services,Legal / contracts,Company
akira,DeMera DeMera Cameron,2026-04-13,,Business Services,Corporate confidential,Company
incransom,www.campbell.edu,2026-04-11,US,Unknown,Personal data (PII),Individuals (unspecified)
incransom,www.campbell.edu,2026-04-11,US,Unknown,Customer data,Customers
akira,Turbo International,2026-04-10,US,Manufacturing,Personal data (PII),Individuals (unspecified)
akira,Turbo International,2026-04-10,US,Manufacturing,Employee / HR,Employees
akira,Turbo International,2026-04-10,US,Manufacturing,Financial,Company
akira,Turbo International,2026-04-10,US,Manufacturing,Customer data,Customers
akira,Turbo International,2026-04-10,US,Manufacturing,Legal / contracts,Company
akira,Turbo International,2026-04-10,US,Manufacturing,Corporate confidential,Company
akira,Netgain Networks,2026-04-10,,Technology,Personal data (PII),Individuals (unspecified)
akira,Netgain Networks,2026-04-10,,Technology,Employee / HR,Employees
akira,Netgain Networks,2026-04-10,,Technology,Financial,Company
akira,Netgain Networks,2026-04-10,,Technology,Customer data,Customers
akira,Netgain Networks,2026-04-10,,Technology,Legal / contracts,Company
akira,Netgain Networks,2026-04-10,,Technology,Corporate confidential,Company
akira,Shingle & Gibb Automation,2026-04-09,,Manufacturing,Personal data (PII),Individuals (unspecified)
akira,Shingle & Gibb Automation,2026-04-09,,Manufacturing,Employee / HR,Employees
akira,Shingle & Gibb Automation,2026-04-09,,Manufacturing,Financial,Company
akira,Shingle & Gibb Automation,2026-04-09,,Manufacturing,Customer data,Customers
akira,Shingle & Gibb Automation,2026-04-09,,Manufacturing,Legal / contracts,Company
akira,Shingle & Gibb Automation,2026-04-09,,Manufacturing,Corporate confidential,Company
akira,Sehlmann Fensterbau,2026-04-09,,Manufacturing,Personal data (PII),Individuals (unspecified)
akira,Sehlmann Fensterbau,2026-04-09,,Manufacturing,Employee / HR,Employees
akira,Sehlmann Fensterbau,2026-04-09,,Manufacturing,Financial,Company
akira,Sehlmann Fensterbau,2026-04-09,,Manufacturing,Corporate confidential,Company
akira,Newman & Marquez,2026-04-09,,Healthcare,Personal data (PII),Individuals (unspecified)
akira,Newman & Marquez,2026-04-09,,Healthcare,Employee / HR,Employees
akira,Newman & Marquez,2026-04-09,,Healthcare,Financial,Company
akira,Newman & Marquez,2026-04-09,,Healthcare,Customer data,Customers
akira,Newman & Marquez,2026-04-09,,Healthcare,Legal / contracts,Company
akira,Newman & Marquez,2026-04-09,,Healthcare,Corporate confidential,Company
akira,MN Health Insurance Network,2026-04-09,,Healthcare,Personal data (PII),Individuals (unspecified)
akira,MN Health Insurance Network,2026-04-09,,Healthcare,Employee / HR,Employees
akira,MN Health Insurance Network,2026-04-09,,Healthcare,Financial,Company
akira,MN Health Insurance Network,2026-04-09,,Healthcare,Customer data,Customers
akira,MN Health Insurance Network,2026-04-09,,Healthcare,Legal / contracts,Company
akira,MN Health Insurance Network,2026-04-09,,Healthcare,Corporate confidential,Company
akira,ImageMaster,2026-04-09,,Government,Personal data (PII),Individuals (unspecified)
akira,ImageMaster,2026-04-09,,Government,Employee / HR,Employees
akira,ImageMaster,2026-04-09,,Government,Financial,Company
akira,ImageMaster,2026-04-09,,Government,Customer data,Customers
akira,ImageMaster,2026-04-09,,Government,Legal / contracts,Company
akira,ImageMaster,2026-04-09,,Government,Corporate confidential,Company
akira,Mabetex Group,2026-04-08,,Healthcare,Personal data (PII),Individuals (unspecified)
akira,Mabetex Group,2026-04-08,,Healthcare,Employee / HR,Employees
akira,Mabetex Group,2026-04-08,,Healthcare,Financial,Company
akira,Mabetex Group,2026-04-08,,Healthcare,Customer data,Customers
akira,Mabetex Group,2026-04-08,,Healthcare,Corporate confidential,Company
akira,School Health,2026-04-07,,Healthcare,Employee / HR,Employees
akira,School Health,2026-04-07,,Healthcare,Financial,Company
akira,School Health,2026-04-07,,Healthcare,Customer data,Customers
akira,School Health,2026-04-07,,Healthcare,Intellectual property / technical,Company
akira,School Health,2026-04-07,,Healthcare,Corporate confidential,Company
akira,Research & Planning Consultant s,2026-04-07,,Business Services,Employee / HR,Employees
akira,Research & Planning Consultant s,2026-04-07,,Business Services,Financial,Company
akira,Research & Planning Consultant s,2026-04-07,,Business Services,Customer data,Customers
akira,Research & Planning Consultant s,2026-04-07,,Business Services,Corporate confidential,Company
akira,CMD Outsourcing Solutions,2026-04-07,,Business Services,Personal data (PII),Individuals (unspecified)
akira,CMD Outsourcing Solutions,2026-04-07,,Business Services,Employee / HR,Employees
akira,CMD Outsourcing Solutions,2026-04-07,,Business Services,Financial,Company
akira,CMD Outsourcing Solutions,2026-04-07,,Business Services,Legal / contracts,Company
akira,CMD Outsourcing Solutions,2026-04-07,,Business Services,Corporate confidential,Company
akira,Adrian Jules,2026-04-07,US,Manufacturing,Employee / HR,Employees
akira,Adrian Jules,2026-04-07,US,Manufacturing,Financial,Company
akira,Adrian Jules,2026-04-07,US,Manufacturing,Customer data,Customers
akira,Adrian Jules,2026-04-07,US,Manufacturing,Legal / contracts,Company
akira,Adrian Jules,2026-04-07,US,Manufacturing,Intellectual property / technical,Company
akira,Adrian Jules,2026-04-07,US,Manufacturing,Corporate confidential,Company
akira,Accent Dental Center,2026-04-07,,Healthcare,Personal data (PII),Individuals (unspecified)
akira,Accent Dental Center,2026-04-07,,Healthcare,Employee / HR,Employees
akira,Accent Dental Center,2026-04-07,,Healthcare,Customer data,Customers
akira,Accent Dental Center,2026-04-07,,Healthcare,Medical (PHI),Customers
akira,Accent Dental Center,2026-04-07,,Healthcare,Legal / contracts,Company
akira,Accent Dental Center,2026-04-07,,Healthcare,Corporate confidential,Company
akira,Gauthier Connectique,2026-04-06,,Government,Personal data (PII),Individuals (unspecified)
akira,Gauthier Connectique,2026-04-06,,Government,Employee / HR,Employees
akira,Gauthier Connectique,2026-04-06,,Government,Financial,Company
akira,Gauthier Connectique,2026-04-06,,Government,Legal / contracts,Company
akira,Gauthier Connectique,2026-04-06,,Government,Intellectual property / technical,Company
akira,Gauthier Connectique,2026-04-06,,Government,Corporate confidential,Company
akira,Aqua-Serv© Engineers,2026-04-06,US,Business Services,Personal data (PII),Individuals (unspecified)
akira,Aqua-Serv© Engineers,2026-04-06,US,Business Services,Employee / HR,Employees
akira,Aqua-Serv© Engineers,2026-04-06,US,Business Services,Financial,Company
akira,Aqua-Serv© Engineers,2026-04-06,US,Business Services,Customer data,Customers
akira,Aqua-Serv© Engineers,2026-04-06,US,Business Services,Intellectual property / technical,Company
akira,Aqua-Serv© Engineers,2026-04-06,US,Business Services,Corporate confidential,Company
akira,AKM Consulting Engineers,2026-04-06,,Business Services,Employee / HR,Employees
akira,AKM Consulting Engineers,2026-04-06,,Business Services,Financial,Company
akira,AKM Consulting Engineers,2026-04-06,,Business Services,Customer data,Customers
akira,AKM Consulting Engineers,2026-04-06,,Business Services,Legal / contracts,Company
akira,AKM Consulting Engineers,2026-04-06,,Business Services,Intellectual property / technical,Company
akira,AKM Consulting Engineers,2026-04-06,,Business Services,Corporate confidential,Company
play,Sokolin,2026-04-04,US,Retail & Consumer,Personal data (PII),Individuals (unspecified)
play,Sokolin,2026-04-04,US,Retail & Consumer,Employee / HR,Employees
play,Sokolin,2026-04-04,US,Retail & Consumer,Financial,Company
play,Sokolin,2026-04-04,US,Retail & Consumer,Customer data,Customers
play,Sokolin,2026-04-04,US,Retail & Consumer,Corporate confidential,Company
play,Barnes Solicitors LLP,2026-04-04,GB,Unknown,Personal data (PII),Individuals (unspecified)
play,Barnes Solicitors LLP,2026-04-04,GB,Unknown,Employee / HR,Employees
play,Barnes Solicitors LLP,2026-04-04,GB,Unknown,Financial,Company
play,Barnes Solicitors LLP,2026-04-04,GB,Unknown,Customer data,Customers
play,Barnes Solicitors LLP,2026-04-04,GB,Unknown,Corporate confidential,Company
akira,Woodland Trade,2026-04-03,,Manufacturing,Personal data (PII),Individuals (unspecified)
akira,Woodland Trade,2026-04-03,,Manufacturing,Employee / HR,Employees
akira,Woodland Trade,2026-04-03,,Manufacturing,Financial,Company
akira,Woodland Trade,2026-04-03,,Manufacturing,Legal / contracts,Company
akira,Woodland Trade,2026-04-03,,Manufacturing,Intellectual property / technical,Company
akira,Woodland Trade,2026-04-03,,Manufacturing,Corporate confidential,Company
akira,Westamerica Communications,2026-04-03,,Technology,Personal data (PII),Individuals (unspecified)
akira,Westamerica Communications,2026-04-03,,Technology,Employee / HR,Employees
akira,Westamerica Communications,2026-04-03,,Technology,Financial,Company
akira,Westamerica Communications,2026-04-03,,Technology,Customer data,Customers
akira,Westamerica Communications,2026-04-03,,Technology,Corporate confidential,Company
akira,Charles River Insurance,2026-04-03,,Financial Services,Personal data (PII),Individuals (unspecified)
akira,Charles River Insurance,2026-04-03,,Financial Services,Employee / HR,Employees
akira,Charles River Insurance,2026-04-03,,Financial Services,Financial,Company
akira,Charles River Insurance,2026-04-03,,Financial Services,Customer data,Customers
akira,Charles River Insurance,2026-04-03,,Financial Services,Corporate confidential,Company
akira,"American Vintage Home, Briggs Plumbing Products, Genco Manuf acturing, American Vintage Hom e, Associates of Clifton Park.",2026-04-03,CN,Construction,Personal data (PII),Individuals (unspecified)
akira,"American Vintage Home, Briggs Plumbing Products, Genco Manuf acturing, American Vintage Hom e, Associates of Clifton Park.",2026-04-03,CN,Construction,Employee / HR,Employees
akira,"American Vintage Home, Briggs Plumbing Products, Genco Manuf acturing, American Vintage Hom e, Associates of Clifton Park.",2026-04-03,CN,Construction,Financial,Company
akira,"American Vintage Home, Briggs Plumbing Products, Genco Manuf acturing, American Vintage Hom e, Associates of Clifton Park.",2026-04-03,CN,Construction,Customer data,Customers
akira,"American Vintage Home, Briggs Plumbing Products, Genco Manuf acturing, American Vintage Hom e, Associates of Clifton Park.",2026-04-03,CN,Construction,Legal / contracts,Company
akira,"American Vintage Home, Briggs Plumbing Products, Genco Manuf acturing, American Vintage Hom e, Associates of Clifton Park.",2026-04-03,CN,Construction,Corporate confidential,Company
akira,Serap,2026-04-02,FR,Manufacturing,Personal data (PII),Individuals (unspecified)
akira,Serap,2026-04-02,FR,Manufacturing,Employee / HR,Employees
akira,Serap,2026-04-02,FR,Manufacturing,Financial,Company
akira,Serap,2026-04-02,FR,Manufacturing,Customer data,Customers
akira,Serap,2026-04-02,FR,Manufacturing,Legal / contracts,Company
akira,Serap,2026-04-02,FR,Manufacturing,Corporate confidential,Company
akira,DKN Hotels,2026-04-02,,Hospitality & Leisure,Personal data (PII),Individuals (unspecified)
akira,DKN Hotels,2026-04-02,,Hospitality & Leisure,Employee / HR,Employees
akira,DKN Hotels,2026-04-02,,Hospitality & Leisure,Financial,Company
akira,DKN Hotels,2026-04-02,,Hospitality & Leisure,Customer data,Customers
akira,DKN Hotels,2026-04-02,,Hospitality & Leisure,Corporate confidential,Company
akira,"Tange , Mann & Garza",2026-04-01,,Business Services,Personal data (PII),Individuals (unspecified)
akira,"Tange , Mann & Garza",2026-04-01,,Business Services,Employee / HR,Employees
akira,"Tange , Mann & Garza",2026-04-01,,Business Services,Financial,Company
akira,"Tange , Mann & Garza",2026-04-01,,Business Services,Customer data,Customers
akira,"Tange , Mann & Garza",2026-04-01,,Business Services,Legal / contracts,Company
akira,"Tange , Mann & Garza",2026-04-01,,Business Services,Corporate confidential,Company
akira,Swagelok,2026-04-01,,Unknown,Personal data (PII),Individuals (unspecified)
akira,Swagelok,2026-04-01,,Unknown,Employee / HR,Employees
akira,Swagelok,2026-04-01,,Unknown,Financial,Company
akira,Swagelok,2026-04-01,,Unknown,Customer data,Customers
akira,Swagelok,2026-04-01,,Unknown,Legal / contracts,Company
akira,Swagelok,2026-04-01,,Unknown,Corporate confidential,Company
akira,Starr Insurance,2026-04-01,,Financial Services,Personal data (PII),Individuals (unspecified)
akira,Starr Insurance,2026-04-01,,Financial Services,Employee / HR,Employees
akira,Starr Insurance,2026-04-01,,Financial Services,Financial,Company
akira,Starr Insurance,2026-04-01,,Financial Services,Customer data,Customers
akira,Starr Insurance,2026-04-01,,Financial Services,Legal / contracts,Company
akira,Starr Insurance,2026-04-01,,Financial Services,Corporate confidential,Company
akira,Builtrite,2026-04-01,,Manufacturing,Personal data (PII),Individuals (unspecified)
akira,Builtrite,2026-04-01,,Manufacturing,Employee / HR,Employees
akira,Builtrite,2026-04-01,,Manufacturing,Financial,Company
akira,Builtrite,2026-04-01,,Manufacturing,Legal / contracts,Company
akira,Builtrite,2026-04-01,,Manufacturing,Corporate confidential,Company
akira,Alliance Roofing,2026-04-01,,Construction,Personal data (PII),Individuals (unspecified)
akira,Alliance Roofing,2026-04-01,,Construction,Employee / HR,Employees
akira,Alliance Roofing,2026-04-01,,Construction,Financial,Company
akira,Alliance Roofing,2026-04-01,,Construction,Customer data,Customers
akira,Alliance Roofing,2026-04-01,,Construction,Legal / contracts,Company
akira,Alliance Roofing,2026-04-01,,Construction,Intellectual property / technical,Company
akira,Alliance Roofing,2026-04-01,,Construction,Corporate confidential,Company
akira,MerchNOW,2026-03-31,,Retail & Consumer,Personal data (PII),Individuals (unspecified)
akira,MerchNOW,2026-03-31,,Retail & Consumer,Employee / HR,Employees
akira,MerchNOW,2026-03-31,,Retail & Consumer,Financial,Company
akira,MerchNOW,2026-03-31,,Retail & Consumer,Customer data,Customers
akira,MerchNOW,2026-03-31,,Retail & Consumer,Legal / contracts,Company
akira,MerchNOW,2026-03-31,,Retail & Consumer,Corporate confidential,Company
akira,Excel Healthcare Receivable Ma nagement & Consulting,2026-03-31,,Healthcare,Personal data (PII),Individuals (unspecified)
akira,Excel Healthcare Receivable Ma nagement & Consulting,2026-03-31,,Healthcare,Employee / HR,Employees
akira,Excel Healthcare Receivable Ma nagement & Consulting,2026-03-31,,Healthcare,Customer data,Customers
akira,Excel Healthcare Receivable Ma nagement & Consulting,2026-03-31,,Healthcare,Legal / contracts,Company
akira,Excel Healthcare Receivable Ma nagement & Consulting,2026-03-31,,Healthcare,Corporate confidential,Company
akira,Dean Supply,2026-03-31,,Manufacturing,Employee / HR,Employees
akira,Dean Supply,2026-03-31,,Manufacturing,Financial,Company
akira,Dean Supply,2026-03-31,,Manufacturing,Legal / contracts,Company
akira,Dean Supply,2026-03-31,,Manufacturing,Corporate confidential,Company
akira,Cox Design & Metal Fabrication,2026-03-31,,Manufacturing,Employee / HR,Employees
akira,Cox Design & Metal Fabrication,2026-03-31,,Manufacturing,Financial,Company
akira,Cox Design & Metal Fabrication,2026-03-31,,Manufacturing,Legal / contracts,Company
akira,Cox Design & Metal Fabrication,2026-03-31,,Manufacturing,Corporate confidential,Company
play,Witt UK Group,2026-03-30,GB,Unknown,Personal data (PII),Individuals (unspecified)
play,Witt UK Group,2026-03-30,GB,Unknown,Employee / HR,Employees
play,Witt UK Group,2026-03-30,GB,Unknown,Financial,Company
play,Witt UK Group,2026-03-30,GB,Unknown,Customer data,Customers
play,Witt UK Group,2026-03-30,GB,Unknown,Corporate confidential,Company
play,Weber Kracht & Chellew,2026-03-30,US,Business Services,Personal data (PII),Individuals (unspecified)
play,Weber Kracht & Chellew,2026-03-30,US,Business Services,Employee / HR,Employees
play,Weber Kracht & Chellew,2026-03-30,US,Business Services,Financial,Company
play,Weber Kracht & Chellew,2026-03-30,US,Business Services,Customer data,Customers
play,Weber Kracht & Chellew,2026-03-30,US,Business Services,Corporate confidential,Company
play,Valley Plating Inc,2026-03-30,US,Unknown,Personal data (PII),Individuals (unspecified)
play,Valley Plating Inc,2026-03-30,US,Unknown,Employee / HR,Employees
play,Valley Plating Inc,2026-03-30,US,Unknown,Financial,Company
play,Valley Plating Inc,2026-03-30,US,Unknown,Customer data,Customers
play,Valley Plating Inc,2026-03-30,US,Unknown,Corporate confidential,Company
play,Specflue,2026-03-30,GB,Energy & Utilities,Personal data (PII),Individuals (unspecified)
play,Specflue,2026-03-30,GB,Energy & Utilities,Employee / HR,Employees
play,Specflue,2026-03-30,GB,Energy & Utilities,Financial,Company
play,Specflue,2026-03-30,GB,Energy & Utilities,Customer data,Customers
play,Specflue,2026-03-30,GB,Energy & Utilities,Corporate confidential,Company
play,Lucky Look,2026-03-30,DE,Hospitality & Leisure,Personal data (PII),Individuals (unspecified)
play,Lucky Look,2026-03-30,DE,Hospitality & Leisure,Employee / HR,Employees
play,Lucky Look,2026-03-30,DE,Hospitality & Leisure,Financial,Company
play,Lucky Look,2026-03-30,DE,Hospitality & Leisure,Customer data,Customers
play,Lucky Look,2026-03-30,DE,Hospitality & Leisure,Corporate confidential,Company
play,Kivells,2026-03-30,GB,Real Estate,Personal data (PII),Individuals (unspecified)
play,Kivells,2026-03-30,GB,Real Estate,Employee / HR,Employees
play,Kivells,2026-03-30,GB,Real Estate,Financial,Company
play,Kivells,2026-03-30,GB,Real Estate,Customer data,Customers
play,Kivells,2026-03-30,GB,Real Estate,Corporate confidential,Company
play,Dock Pros,2026-03-30,US,Manufacturing,Personal data (PII),Individuals (unspecified)
play,Dock Pros,2026-03-30,US,Manufacturing,Employee / HR,Employees
play,Dock Pros,2026-03-30,US,Manufacturing,Financial,Company
play,Dock Pros,2026-03-30,US,Manufacturing,Customer data,Customers
play,Dock Pros,2026-03-30,US,Manufacturing,Corporate confidential,Company
play,Colorado Construction,2026-03-30,GB,Construction,Personal data (PII),Individuals (unspecified)
play,Colorado Construction,2026-03-30,GB,Construction,Employee / HR,Employees
play,Colorado Construction,2026-03-30,GB,Construction,Financial,Company
play,Colorado Construction,2026-03-30,GB,Construction,Customer data,Customers
play,Colorado Construction,2026-03-30,GB,Construction,Corporate confidential,Company
play,Brokk,2026-03-30,SE,Manufacturing,Personal data (PII),Individuals (unspecified)
play,Brokk,2026-03-30,SE,Manufacturing,Employee / HR,Employees
play,Brokk,2026-03-30,SE,Manufacturing,Financial,Company
play,Brokk,2026-03-30,SE,Manufacturing,Customer data,Customers
play,Brokk,2026-03-30,SE,Manufacturing,Corporate confidential,Company
akira,"Office Peeps, Nappie's Food Se rvice, Janome America, IT-Supp orten, A-1 Pools.",2026-03-30,US,Government,Personal data (PII),Individuals (unspecified)
akira,"Office Peeps, Nappie's Food Se rvice, Janome America, IT-Supp orten, A-1 Pools.",2026-03-30,US,Government,Employee / HR,Employees
akira,"Office Peeps, Nappie's Food Se rvice, Janome America, IT-Supp orten, A-1 Pools.",2026-03-30,US,Government,Financial,Company
akira,"Office Peeps, Nappie's Food Se rvice, Janome America, IT-Supp orten, A-1 Pools.",2026-03-30,US,Government,Customer data,Customers
akira,"Office Peeps, Nappie's Food Se rvice, Janome America, IT-Supp orten, A-1 Pools.",2026-03-30,US,Government,Corporate confidential,Company
akira,Motleys Asset Disposition Grou p,2026-03-30,,Real Estate,Personal data (PII),Individuals (unspecified)
akira,Motleys Asset Disposition Grou p,2026-03-30,,Real Estate,Employee / HR,Employees
akira,Motleys Asset Disposition Grou p,2026-03-30,,Real Estate,Financial,Company
akira,Motleys Asset Disposition Grou p,2026-03-30,,Real Estate,Customer data,Customers
akira,Motleys Asset Disposition Grou p,2026-03-30,,Real Estate,Legal / contracts,Company
akira,Motleys Asset Disposition Grou p,2026-03-30,,Real Estate,Corporate confidential,Company
akira,Sheladia Associates,2026-03-27,,Business Services,Personal data (PII),Individuals (unspecified)
akira,Sheladia Associates,2026-03-27,,Business Services,Employee / HR,Employees
akira,Sheladia Associates,2026-03-27,,Business Services,Financial,Company
akira,Sheladia Associates,2026-03-27,,Business Services,Customer data,Customers
akira,Sheladia Associates,2026-03-27,,Business Services,Legal / contracts,Company
akira,Sheladia Associates,2026-03-27,,Business Services,Corporate confidential,Company
akira,Quality Carton and Converting,2026-03-27,,Agriculture & Food,Personal data (PII),Individuals (unspecified)
akira,Quality Carton and Converting,2026-03-27,,Agriculture & Food,Employee / HR,Employees
akira,Quality Carton and Converting,2026-03-27,,Agriculture & Food,Financial,Company
akira,Quality Carton and Converting,2026-03-27,,Agriculture & Food,Customer data,Customers
akira,Quality Carton and Converting,2026-03-27,,Agriculture & Food,Legal / contracts,Company
akira,Quality Carton and Converting,2026-03-27,,Agriculture & Food,Corporate confidential,Company
akira,GeoMechanics Technologies,2026-03-27,,Technology,Personal data (PII),Individuals (unspecified)
akira,GeoMechanics Technologies,2026-03-27,,Technology,Employee / HR,Employees
akira,GeoMechanics Technologies,2026-03-27,,Technology,Financial,Company
akira,GeoMechanics Technologies,2026-03-27,,Technology,Customer data,Customers
akira,GeoMechanics Technologies,2026-03-27,,Technology,Legal / contracts,Company
akira,GeoMechanics Technologies,2026-03-27,,Technology,Corporate confidential,Company
akira,Frontier Technologies,2026-03-27,,Technology,Financial,Company
akira,Frontier Technologies,2026-03-27,,Technology,Legal / contracts,Company
akira,Frontier Technologies,2026-03-27,,Technology,Corporate confidential,Company
akira,BHS Bau,2026-03-27,,Construction,Personal data (PII),Individuals (unspecified)
akira,BHS Bau,2026-03-27,,Construction,Employee / HR,Employees
akira,BHS Bau,2026-03-27,,Construction,Financial,Company
akira,BHS Bau,2026-03-27,,Construction,Customer data,Customers
akira,BHS Bau,2026-03-27,,Construction,Legal / contracts,Company
akira,BHS Bau,2026-03-27,,Construction,Corporate confidential,Company
akira,Axiomatic Technologies Corpora tion,2026-03-27,CA,Technology,Personal data (PII),Individuals (unspecified)
akira,Axiomatic Technologies Corpora tion,2026-03-27,CA,Technology,Employee / HR,Employees
akira,Axiomatic Technologies Corpora tion,2026-03-27,CA,Technology,Financial,Company
akira,Axiomatic Technologies Corpora tion,2026-03-27,CA,Technology,Customer data,Customers
akira,Axiomatic Technologies Corpora tion,2026-03-27,CA,Technology,Medical (PHI),Customers
akira,Axiomatic Technologies Corpora tion,2026-03-27,CA,Technology,Legal / contracts,Company
akira,Axiomatic Technologies Corpora tion,2026-03-27,CA,Technology,Corporate confidential,Company
play,TPIS Industrial Services,2026-03-26,US,Construction,Personal data (PII),Individuals (unspecified)
play,TPIS Industrial Services,2026-03-26,US,Construction,Employee / HR,Employees
play,TPIS Industrial Services,2026-03-26,US,Construction,Financial,Company
play,TPIS Industrial Services,2026-03-26,US,Construction,Customer data,Customers
play,TPIS Industrial Services,2026-03-26,US,Construction,Corporate confidential,Company
incransom,ETFSA,2026-03-26,ZA,Financial Services,Customer data,Customers
incransom,ETFSA,2026-03-26,ZA,Financial Services,Corporate confidential,Company
play,Window & Door Design Center of Florida,2026-03-24,US,Unknown,Personal data (PII),Individuals (unspecified)
play,Window & Door Design Center of Florida,2026-03-24,US,Unknown,Employee / HR,Employees
play,Window & Door Design Center of Florida,2026-03-24,US,Unknown,Financial,Company
play,Window & Door Design Center of Florida,2026-03-24,US,Unknown,Customer data,Customers
play,Window & Door Design Center of Florida,2026-03-24,US,Unknown,Corporate confidential,Company
play,Smoker's Choice,2026-03-24,US,Retail & Consumer,Personal data (PII),Individuals (unspecified)
play,Smoker's Choice,2026-03-24,US,Retail & Consumer,Employee / HR,Employees
play,Smoker's Choice,2026-03-24,US,Retail & Consumer,Financial,Company
play,Smoker's Choice,2026-03-24,US,Retail & Consumer,Customer data,Customers
play,Smoker's Choice,2026-03-24,US,Retail & Consumer,Corporate confidential,Company
play,Capital Wholesale Drug,2026-03-24,US,Healthcare,Personal data (PII),Individuals (unspecified)
play,Capital Wholesale Drug,2026-03-24,US,Healthcare,Employee / HR,Employees
play,Capital Wholesale Drug,2026-03-24,US,Healthcare,Financial,Company
play,Capital Wholesale Drug,2026-03-24,US,Healthcare,Customer data,Customers
play,Capital Wholesale Drug,2026-03-24,US,Healthcare,Corporate confidential,Company
play,Block Engineering,2026-03-24,US,Manufacturing,Personal data (PII),Individuals (unspecified)
play,Block Engineering,2026-03-24,US,Manufacturing,Employee / HR,Employees
play,Block Engineering,2026-03-24,US,Manufacturing,Financial,Company
play,Block Engineering,2026-03-24,US,Manufacturing,Customer data,Customers
play,Block Engineering,2026-03-24,US,Manufacturing,Corporate confidential,Company
play,Ascent Asset Group,2026-03-24,US,Financial Services,Personal data (PII),Individuals (unspecified)
play,Ascent Asset Group,2026-03-24,US,Financial Services,Employee / HR,Employees
play,Ascent Asset Group,2026-03-24,US,Financial Services,Financial,Company
play,Ascent Asset Group,2026-03-24,US,Financial Services,Customer data,Customers
play,Ascent Asset Group,2026-03-24,US,Financial Services,Corporate confidential,Company
play,All Real Estate Title Solutions,2026-03-24,US,Real Estate,Personal data (PII),Individuals (unspecified)
play,All Real Estate Title Solutions,2026-03-24,US,Real Estate,Employee / HR,Employees
play,All Real Estate Title Solutions,2026-03-24,US,Real Estate,Financial,Company
play,All Real Estate Title Solutions,2026-03-24,US,Real Estate,Customer data,Customers
play,All Real Estate Title Solutions,2026-03-24,US,Real Estate,Corporate confidential,Company
akira,The Russell's Law Firm,2026-03-24,,Business Services,Personal data (PII),Individuals (unspecified)
akira,The Russell's Law Firm,2026-03-24,,Business Services,Financial,Company
akira,The Russell's Law Firm,2026-03-24,,Business Services,Customer data,Customers
akira,The Russell's Law Firm,2026-03-24,,Business Services,Medical (PHI),Customers
akira,The Russell's Law Firm,2026-03-24,,Business Services,Corporate confidential,Company
akira,Mooers Immigration,2026-03-24,,Unknown,Personal data (PII),Individuals (unspecified)
akira,Mooers Immigration,2026-03-24,,Unknown,Financial,Company
akira,Mooers Immigration,2026-03-24,,Unknown,Customer data,Customers
akira,Mooers Immigration,2026-03-24,,Unknown,Legal / contracts,Company
akira,Mooers Immigration,2026-03-24,,Unknown,Corporate confidential,Company
akira,Gustavo Preston,2026-03-24,,Energy & Utilities,Personal data (PII),Individuals (unspecified)
akira,Gustavo Preston,2026-03-24,,Energy & Utilities,Employee / HR,Employees
akira,Gustavo Preston,2026-03-24,,Energy & Utilities,Financial,Company
akira,Gustavo Preston,2026-03-24,,Energy & Utilities,Customer data,Customers
akira,Gustavo Preston,2026-03-24,,Energy & Utilities,Medical (PHI),Customers
akira,Gustavo Preston,2026-03-24,,Energy & Utilities,Legal / contracts,Company
akira,Gustavo Preston,2026-03-24,,Energy & Utilities,Corporate confidential,Company
akira,French Engineering,2026-03-24,,Manufacturing,Personal data (PII),Individuals (unspecified)
akira,French Engineering,2026-03-24,,Manufacturing,Employee / HR,Employees
akira,French Engineering,2026-03-24,,Manufacturing,Financial,Company
akira,French Engineering,2026-03-24,,Manufacturing,Medical (PHI),Customers
akira,French Engineering,2026-03-24,,Manufacturing,Legal / contracts,Company
akira,French Engineering,2026-03-24,,Manufacturing,Corporate confidential,Company
akira,"Concord Components, Wefapress, Environment Masters, Fairmont Hot Springs Resort, Road Amer ica.",2026-03-24,CA,Manufacturing,Personal data (PII),Individuals (unspecified)
akira,"Concord Components, Wefapress, Environment Masters, Fairmont Hot Springs Resort, Road Amer ica.",2026-03-24,CA,Manufacturing,Employee / HR,Employees
akira,"Concord Components, Wefapress, Environment Masters, Fairmont Hot Springs Resort, Road Amer ica.",2026-03-24,CA,Manufacturing,Financial,Company
akira,"Concord Components, Wefapress, Environment Masters, Fairmont Hot Springs Resort, Road Amer ica.",2026-03-24,CA,Manufacturing,Customer data,Customers
akira,"Concord Components, Wefapress, Environment Masters, Fairmont Hot Springs Resort, Road Amer ica.",2026-03-24,CA,Manufacturing,Corporate confidential,Company
incransom,Kiswire,2026-03-23,KR,Manufacturing,Personal data (PII),Individuals (unspecified)
incransom,Kiswire,2026-03-23,KR,Manufacturing,Employee / HR,Employees
incransom,Kiswire,2026-03-23,KR,Manufacturing,Financial,Company
incransom,Kiswire,2026-03-23,KR,Manufacturing,Intellectual property / technical,Company
incransom,Kiswire,2026-03-23,KR,Manufacturing,Corporate confidential,Company
akira,Schmiede,2026-03-23,,Manufacturing,Personal data (PII),Individuals (unspecified)
akira,Schmiede,2026-03-23,,Manufacturing,Employee / HR,Employees
akira,Schmiede,2026-03-23,,Manufacturing,Legal / contracts,Company
akira,Schmiede,2026-03-23,,Manufacturing,Corporate confidential,Company
akira,Rioja Motor,2026-03-23,,Unknown,Personal data (PII),Individuals (unspecified)
akira,Rioja Motor,2026-03-23,,Unknown,Employee / HR,Employees
akira,Rioja Motor,2026-03-23,,Unknown,Financial,Company
akira,Rioja Motor,2026-03-23,,Unknown,Customer data,Customers
akira,Rioja Motor,2026-03-23,,Unknown,Corporate confidential,Company
akira,Nafco,2026-03-23,,Retail & Consumer,Personal data (PII),Individuals (unspecified)
akira,Nafco,2026-03-23,,Retail & Consumer,Employee / HR,Employees
akira,Nafco,2026-03-23,,Retail & Consumer,Financial,Company
akira,Nafco,2026-03-23,,Retail & Consumer,Legal / contracts,Company
akira,Nafco,2026-03-23,,Retail & Consumer,Corporate confidential,Company
akira,Dixon Electrical Systems & Con tracting,2026-03-23,,Technology,Personal data (PII),Individuals (unspecified)
akira,Dixon Electrical Systems & Con tracting,2026-03-23,,Technology,Employee / HR,Employees
akira,Dixon Electrical Systems & Con tracting,2026-03-23,,Technology,Financial,Company
akira,Dixon Electrical Systems & Con tracting,2026-03-23,,Technology,Legal / contracts,Company
akira,Dixon Electrical Systems & Con tracting,2026-03-23,,Technology,Corporate confidential,Company
akira,CONCEPTNET,2026-03-23,,Hospitality & Leisure,Personal data (PII),Individuals (unspecified)
akira,CONCEPTNET,2026-03-23,,Hospitality & Leisure,Employee / HR,Employees
akira,CONCEPTNET,2026-03-23,,Hospitality & Leisure,Financial,Company
akira,CONCEPTNET,2026-03-23,,Hospitality & Leisure,Legal / contracts,Company
akira,CONCEPTNET,2026-03-23,,Hospitality & Leisure,Corporate confidential,Company
akira,Autitransa,2026-03-23,,Transportation & Logistics,Personal data (PII),Individuals (unspecified)
akira,Autitransa,2026-03-23,,Transportation & Logistics,Employee / HR,Employees
akira,Autitransa,2026-03-23,,Transportation & Logistics,Financial,Company
akira,Autitransa,2026-03-23,,Transportation & Logistics,Legal / contracts,Company
akira,Autitransa,2026-03-23,,Transportation & Logistics,Corporate confidential,Company
akira,bdtronic,2026-03-20,,Manufacturing,Personal data (PII),Individuals (unspecified)
akira,bdtronic,2026-03-20,,Manufacturing,Employee / HR,Employees
akira,bdtronic,2026-03-20,,Manufacturing,Financial,Company
akira,bdtronic,2026-03-20,,Manufacturing,Legal / contracts,Company
akira,bdtronic,2026-03-20,,Manufacturing,Corporate confidential,Company
akira,Savvy Hawk,2026-03-20,,Technology,Personal data (PII),Individuals (unspecified)
akira,Savvy Hawk,2026-03-20,,Technology,Employee / HR,Employees
akira,Savvy Hawk,2026-03-20,,Technology,Financial,Company
akira,Savvy Hawk,2026-03-20,,Technology,Customer data,Customers
akira,Savvy Hawk,2026-03-20,,Technology,Medical (PHI),Customers
akira,Savvy Hawk,2026-03-20,,Technology,Legal / contracts,Company
akira,Savvy Hawk,2026-03-20,,Technology,Corporate confidential,Company
akira,Motorpal,2026-03-20,,Manufacturing,Personal data (PII),Individuals (unspecified)
akira,Motorpal,2026-03-20,,Manufacturing,Employee / HR,Employees
akira,Motorpal,2026-03-20,,Manufacturing,Financial,Company
akira,Motorpal,2026-03-20,,Manufacturing,Legal / contracts,Company
akira,Motorpal,2026-03-20,,Manufacturing,Corporate confidential,Company
akira,Madesmart,2026-03-20,,Unknown,Personal data (PII),Individuals (unspecified)
akira,Madesmart,2026-03-20,,Unknown,Employee / HR,Employees
akira,Madesmart,2026-03-20,,Unknown,Financial,Company
akira,Madesmart,2026-03-20,,Unknown,Customer data,Customers
akira,Madesmart,2026-03-20,,Unknown,Legal / contracts,Company
akira,Madesmart,2026-03-20,,Unknown,Corporate confidential,Company
akira,INP Schweiz,2026-03-20,,Energy & Utilities,Personal data (PII),Individuals (unspecified)
akira,INP Schweiz,2026-03-20,,Energy & Utilities,Employee / HR,Employees
akira,INP Schweiz,2026-03-20,,Energy & Utilities,Financial,Company
akira,INP Schweiz,2026-03-20,,Energy & Utilities,Customer data,Customers
akira,INP Schweiz,2026-03-20,,Energy & Utilities,Legal / contracts,Company
akira,INP Schweiz,2026-03-20,,Energy & Utilities,Corporate confidential,Company
akira,The Decorative Paving,2026-03-19,,Manufacturing,Personal data (PII),Individuals (unspecified)
akira,The Decorative Paving,2026-03-19,,Manufacturing,Employee / HR,Employees
akira,The Decorative Paving,2026-03-19,,Manufacturing,Financial,Company
akira,The Decorative Paving,2026-03-19,,Manufacturing,Corporate confidential,Company
akira,Career Adventures,2026-03-19,,Manufacturing,Personal data (PII),Individuals (unspecified)
akira,Career Adventures,2026-03-19,,Manufacturing,Employee / HR,Employees
akira,Career Adventures,2026-03-19,,Manufacturing,Financial,Company
akira,Career Adventures,2026-03-19,,Manufacturing,Customer data,Customers
akira,Career Adventures,2026-03-19,,Manufacturing,Legal / contracts,Company
akira,Career Adventures,2026-03-19,,Manufacturing,Corporate confidential,Company
akira,Angus-Young Associates,2026-03-19,,Construction,Personal data (PII),Individuals (unspecified)
akira,Angus-Young Associates,2026-03-19,,Construction,Employee / HR,Employees
akira,Angus-Young Associates,2026-03-19,,Construction,Financial,Company
akira,Angus-Young Associates,2026-03-19,,Construction,Customer data,Customers
akira,Angus-Young Associates,2026-03-19,,Construction,Legal / contracts,Company
akira,Angus-Young Associates,2026-03-19,,Construction,Corporate confidential,Company
akira,Texollini,2026-03-18,,Manufacturing,Personal data (PII),Individuals (unspecified)
akira,Texollini,2026-03-18,,Manufacturing,Employee / HR,Employees
akira,Texollini,2026-03-18,,Manufacturing,Financial,Company
akira,Texollini,2026-03-18,,Manufacturing,Customer data,Customers
akira,Texollini,2026-03-18,,Manufacturing,Medical (PHI),Customers
akira,Texollini,2026-03-18,,Manufacturing,Legal / contracts,Company
akira,Texollini,2026-03-18,,Manufacturing,Corporate confidential,Company
akira,Reflex Angelo,2026-03-18,,Retail & Consumer,Personal data (PII),Individuals (unspecified)
akira,Reflex Angelo,2026-03-18,,Retail & Consumer,Employee / HR,Employees
akira,Reflex Angelo,2026-03-18,,Retail & Consumer,Financial,Company
akira,Reflex Angelo,2026-03-18,,Retail & Consumer,Customer data,Customers
akira,Reflex Angelo,2026-03-18,,Retail & Consumer,Legal / contracts,Company
akira,Reflex Angelo,2026-03-18,,Retail & Consumer,Corporate confidential,Company
akira,Rainbow Technology,2026-03-18,,Manufacturing,Personal data (PII),Individuals (unspecified)
akira,Rainbow Technology,2026-03-18,,Manufacturing,Employee / HR,Employees
akira,Rainbow Technology,2026-03-18,,Manufacturing,Financial,Company
akira,Rainbow Technology,2026-03-18,,Manufacturing,Customer data,Customers
akira,Rainbow Technology,2026-03-18,,Manufacturing,Legal / contracts,Company
akira,Rainbow Technology,2026-03-18,,Manufacturing,Corporate confidential,Company
akira,Pyrénées,2026-03-18,AD,Agriculture & Food,Personal data (PII),Individuals (unspecified)
akira,Pyrénées,2026-03-18,AD,Agriculture & Food,Employee / HR,Employees
akira,Pyrénées,2026-03-18,AD,Agriculture & Food,Financial,Company
akira,Pyrénées,2026-03-18,AD,Agriculture & Food,Customer data,Customers
akira,Pyrénées,2026-03-18,AD,Agriculture & Food,Legal / contracts,Company
akira,Pyrénées,2026-03-18,AD,Agriculture & Food,Corporate confidential,Company
play,Knight's Site Services,2026-03-17,US,Energy & Utilities,Personal data (PII),Individuals (unspecified)
play,Knight's Site Services,2026-03-17,US,Energy & Utilities,Employee / HR,Employees
play,Knight's Site Services,2026-03-17,US,Energy & Utilities,Financial,Company
play,Knight's Site Services,2026-03-17,US,Energy & Utilities,Customer data,Customers
play,Knight's Site Services,2026-03-17,US,Energy & Utilities,Corporate confidential,Company
play,Gsolutionz,2026-03-17,US,Unknown,Personal data (PII),Individuals (unspecified)
play,Gsolutionz,2026-03-17,US,Unknown,Employee / HR,Employees
play,Gsolutionz,2026-03-17,US,Unknown,Financial,Company
play,Gsolutionz,2026-03-17,US,Unknown,Customer data,Customers
play,Gsolutionz,2026-03-17,US,Unknown,Corporate confidential,Company
akira,Tax & Accounting Plus,2026-03-16,,Business Services,Personal data (PII),Individuals (unspecified)
akira,Tax & Accounting Plus,2026-03-16,,Business Services,Employee / HR,Employees
akira,Tax & Accounting Plus,2026-03-16,,Business Services,Financial,Company
akira,Tax & Accounting Plus,2026-03-16,,Business Services,Customer data,Customers
akira,Tax & Accounting Plus,2026-03-16,,Business Services,Medical (PHI),Customers
akira,Tax & Accounting Plus,2026-03-16,,Business Services,Legal / contracts,Company
akira,Tax & Accounting Plus,2026-03-16,,Business Services,Corporate confidential,Company
akira,Steve Quick Jeweler,2026-03-16,,Retail & Consumer,Employee / HR,Employees
akira,Steve Quick Jeweler,2026-03-16,,Retail & Consumer,Financial,Company
akira,Steve Quick Jeweler,2026-03-16,,Retail & Consumer,Customer data,Customers
akira,Steve Quick Jeweler,2026-03-16,,Retail & Consumer,Legal / contracts,Company
akira,Steve Quick Jeweler,2026-03-16,,Retail & Consumer,Corporate confidential,Company
akira,Mingat Location,2026-03-16,FR,Unknown,Financial,Company
akira,Mingat Location,2026-03-16,FR,Unknown,Customer data,Customers
akira,Mingat Location,2026-03-16,FR,Unknown,Legal / contracts,Company
akira,Mingat Location,2026-03-16,FR,Unknown,Corporate confidential,Company
akira,Broadway National,2026-03-16,,Financial Services,Employee / HR,Employees
akira,Broadway National,2026-03-16,,Financial Services,Financial,Company
akira,Broadway National,2026-03-16,,Financial Services,Customer data,Customers
akira,Broadway National,2026-03-16,,Financial Services,Legal / contracts,Company
akira,Broadway National,2026-03-16,,Financial Services,Intellectual property / technical,Company
akira,Broadway National,2026-03-16,,Financial Services,Corporate confidential,Company
play,Executive Aviation,2026-03-15,US,Transportation & Logistics,Personal data (PII),Individuals (unspecified)
play,Executive Aviation,2026-03-15,US,Transportation & Logistics,Employee / HR,Employees
play,Executive Aviation,2026-03-15,US,Transportation & Logistics,Financial,Company
play,Executive Aviation,2026-03-15,US,Transportation & Logistics,Customer data,Customers
play,Executive Aviation,2026-03-15,US,Transportation & Logistics,Corporate confidential,Company
akira,Wills Point Chevrolet,2026-03-13,,Unknown,Personal data (PII),Individuals (unspecified)
akira,Wills Point Chevrolet,2026-03-13,,Unknown,Employee / HR,Employees
akira,Wills Point Chevrolet,2026-03-13,,Unknown,Financial,Company
akira,Wills Point Chevrolet,2026-03-13,,Unknown,Legal / contracts,Company
akira,Wills Point Chevrolet,2026-03-13,,Unknown,Corporate confidential,Company
akira,Stokes,2026-03-13,CA,Retail & Consumer,Personal data (PII),Individuals (unspecified)
akira,Stokes,2026-03-13,CA,Retail & Consumer,Employee / HR,Employees
akira,Stokes,2026-03-13,CA,Retail & Consumer,Financial,Company
akira,Stokes,2026-03-13,CA,Retail & Consumer,Customer data,Customers
akira,Stokes,2026-03-13,CA,Retail & Consumer,Legal / contracts,Company
akira,Stokes,2026-03-13,CA,Retail & Consumer,Corporate confidential,Company
play,Eagle Industrial Equipment,2026-03-12,US,Manufacturing,Personal data (PII),Individuals (unspecified)
play,Eagle Industrial Equipment,2026-03-12,US,Manufacturing,Employee / HR,Employees
play,Eagle Industrial Equipment,2026-03-12,US,Manufacturing,Financial,Company
play,Eagle Industrial Equipment,2026-03-12,US,Manufacturing,Customer data,Customers
play,Eagle Industrial Equipment,2026-03-12,US,Manufacturing,Corporate confidential,Company
play,Circle Floors,2026-03-12,US,Construction,Personal data (PII),Individuals (unspecified)
play,Circle Floors,2026-03-12,US,Construction,Employee / HR,Employees
play,Circle Floors,2026-03-12,US,Construction,Financial,Company
play,Circle Floors,2026-03-12,US,Construction,Customer data,Customers
play,Circle Floors,2026-03-12,US,Construction,Corporate confidential,Company
akira,Porsche Zentrum Fulda,2026-03-12,,Unknown,Personal data (PII),Individuals (unspecified)
akira,Porsche Zentrum Fulda,2026-03-12,,Unknown,Employee / HR,Employees
akira,Porsche Zentrum Fulda,2026-03-12,,Unknown,Customer data,Customers
akira,Porsche Zentrum Fulda,2026-03-12,,Unknown,Legal / contracts,Company
akira,Porsche Zentrum Fulda,2026-03-12,,Unknown,Corporate confidential,Company
akira,Mh Soluciones,2026-03-12,,Business Services,Personal data (PII),Individuals (unspecified)
akira,Mh Soluciones,2026-03-12,,Business Services,Employee / HR,Employees
akira,Mh Soluciones,2026-03-12,,Business Services,Customer data,Customers
akira,Mh Soluciones,2026-03-12,,Business Services,Legal / contracts,Company
akira,Mh Soluciones,2026-03-12,,Business Services,Corporate confidential,Company
akira,Financial Brokerage,2026-03-12,,Financial Services,Personal data (PII),Individuals (unspecified)
akira,Financial Brokerage,2026-03-12,,Financial Services,Employee / HR,Employees
akira,Financial Brokerage,2026-03-12,,Financial Services,Financial,Company
akira,Financial Brokerage,2026-03-12,,Financial Services,Customer data,Customers
akira,Financial Brokerage,2026-03-12,,Financial Services,Corporate confidential,Company
akira,Extreme Trailers,2026-03-12,,Manufacturing,Personal data (PII),Individuals (unspecified)
akira,Extreme Trailers,2026-03-12,,Manufacturing,Employee / HR,Employees
akira,Extreme Trailers,2026-03-12,,Manufacturing,Customer data,Customers
akira,Extreme Trailers,2026-03-12,,Manufacturing,Legal / contracts,Company
akira,Extreme Trailers,2026-03-12,,Manufacturing,Corporate confidential,Company
akira,Robinson Nursery,2026-03-11,,Retail & Consumer,Personal data (PII),Individuals (unspecified)
akira,Robinson Nursery,2026-03-11,,Retail & Consumer,Employee / HR,Employees
akira,Robinson Nursery,2026-03-11,,Retail & Consumer,Financial,Company
akira,Robinson Nursery,2026-03-11,,Retail & Consumer,Customer data,Customers
akira,Robinson Nursery,2026-03-11,,Retail & Consumer,Legal / contracts,Company
akira,Robinson Nursery,2026-03-11,,Retail & Consumer,Corporate confidential,Company
akira,Priderock Capital Partners,2026-03-11,,Financial Services,Personal data (PII),Individuals (unspecified)
akira,Priderock Capital Partners,2026-03-11,,Financial Services,Employee / HR,Employees
akira,Priderock Capital Partners,2026-03-11,,Financial Services,Financial,Company
akira,Priderock Capital Partners,2026-03-11,,Financial Services,Customer data,Customers
akira,Priderock Capital Partners,2026-03-11,,Financial Services,Legal / contracts,Company
akira,Priderock Capital Partners,2026-03-11,,Financial Services,Corporate confidential,Company
akira,Murray's Cheese,2026-03-11,,Retail & Consumer,Personal data (PII),Individuals (unspecified)
akira,Murray's Cheese,2026-03-11,,Retail & Consumer,Employee / HR,Employees
akira,Murray's Cheese,2026-03-11,,Retail & Consumer,Financial,Company
akira,Murray's Cheese,2026-03-11,,Retail & Consumer,Customer data,Customers
akira,Murray's Cheese,2026-03-11,,Retail & Consumer,Legal / contracts,Company
akira,Murray's Cheese,2026-03-11,,Retail & Consumer,Corporate confidential,Company
akira,D3 Embedded,2026-03-11,,Manufacturing,Legal / contracts,Company
akira,D3 Embedded,2026-03-11,,Manufacturing,Corporate confidential,Company
akira,Paass Logistik,2026-03-10,DE,Transportation & Logistics,Personal data (PII),Individuals (unspecified)
akira,Paass Logistik,2026-03-10,DE,Transportation & Logistics,Employee / HR,Employees
akira,Paass Logistik,2026-03-10,DE,Transportation & Logistics,Financial,Company
akira,Paass Logistik,2026-03-10,DE,Transportation & Logistics,Customer data,Customers
akira,Paass Logistik,2026-03-10,DE,Transportation & Logistics,Legal / contracts,Company
akira,Paass Logistik,2026-03-10,DE,Transportation & Logistics,Corporate confidential,Company
akira,Exhibit Network,2026-03-10,,Transportation & Logistics,Personal data (PII),Individuals (unspecified)
akira,Exhibit Network,2026-03-10,,Transportation & Logistics,Employee / HR,Employees
akira,Exhibit Network,2026-03-10,,Transportation & Logistics,Financial,Company
akira,Exhibit Network,2026-03-10,,Transportation & Logistics,Customer data,Customers
akira,Exhibit Network,2026-03-10,,Transportation & Logistics,Legal / contracts,Company
akira,Exhibit Network,2026-03-10,,Transportation & Logistics,Corporate confidential,Company
akira,Woodfines,2026-03-09,,Business Services,Personal data (PII),Individuals (unspecified)
akira,Woodfines,2026-03-09,,Business Services,Customer data,Customers
akira,Woodfines,2026-03-09,,Business Services,Corporate confidential,Company
akira,WEDGE,2026-03-09,,Real Estate,Personal data (PII),Individuals (unspecified)
akira,WEDGE,2026-03-09,,Real Estate,Employee / HR,Employees
akira,WEDGE,2026-03-09,,Real Estate,Financial,Company
akira,WEDGE,2026-03-09,,Real Estate,Customer data,Customers
akira,WEDGE,2026-03-09,,Real Estate,Legal / contracts,Company
akira,WEDGE,2026-03-09,,Real Estate,Corporate confidential,Company
akira,Peninsular Electric Distributo rs,2026-03-09,,Manufacturing,Employee / HR,Employees
akira,Peninsular Electric Distributo rs,2026-03-09,,Manufacturing,Financial,Company
akira,Peninsular Electric Distributo rs,2026-03-09,,Manufacturing,Customer data,Customers
akira,Peninsular Electric Distributo rs,2026-03-09,,Manufacturing,Legal / contracts,Company
akira,Peninsular Electric Distributo rs,2026-03-09,,Manufacturing,Corporate confidential,Company
akira,Hauri AG Staffelbach,2026-03-09,,Unknown,Employee / HR,Employees
akira,Hauri AG Staffelbach,2026-03-09,,Unknown,Financial,Company
akira,Hauri AG Staffelbach,2026-03-09,,Unknown,Customer data,Customers
akira,Hauri AG Staffelbach,2026-03-09,,Unknown,Corporate confidential,Company
akira,Fiberglass Hawaii,2026-03-09,,Manufacturing,Financial,Company
akira,Fiberglass Hawaii,2026-03-09,,Manufacturing,Customer data,Customers
akira,Fiberglass Hawaii,2026-03-09,,Manufacturing,Corporate confidential,Company
akira,Colliers International Idaho,2026-03-09,,Real Estate,Personal data (PII),Individuals (unspecified)
akira,Colliers International Idaho,2026-03-09,,Real Estate,Employee / HR,Employees
akira,Colliers International Idaho,2026-03-09,,Real Estate,Financial,Company
akira,Colliers International Idaho,2026-03-09,,Real Estate,Legal / contracts,Company
akira,Colliers International Idaho,2026-03-09,,Real Estate,Corporate confidential,Company
play,Southern Concrete Construction,2026-03-08,US,Construction,Personal data (PII),Individuals (unspecified)
play,Southern Concrete Construction,2026-03-08,US,Construction,Employee / HR,Employees
play,Southern Concrete Construction,2026-03-08,US,Construction,Financial,Company
play,Southern Concrete Construction,2026-03-08,US,Construction,Customer data,Customers
play,Southern Concrete Construction,2026-03-08,US,Construction,Corporate confidential,Company
play,Serrano Industries,2026-03-08,US,Manufacturing,Personal data (PII),Individuals (unspecified)
play,Serrano Industries,2026-03-08,US,Manufacturing,Employee / HR,Employees
play,Serrano Industries,2026-03-08,US,Manufacturing,Financial,Company
play,Serrano Industries,2026-03-08,US,Manufacturing,Customer data,Customers
play,Serrano Industries,2026-03-08,US,Manufacturing,Corporate confidential,Company
play,Infinity Systems,2026-03-08,US,Construction,Personal data (PII),Individuals (unspecified)
play,Infinity Systems,2026-03-08,US,Construction,Employee / HR,Employees
play,Infinity Systems,2026-03-08,US,Construction,Financial,Company
play,Infinity Systems,2026-03-08,US,Construction,Customer data,Customers
play,Infinity Systems,2026-03-08,US,Construction,Corporate confidential,Company
play,Helen Kaminski,2026-03-08,US,Manufacturing,Personal data (PII),Individuals (unspecified)
play,Helen Kaminski,2026-03-08,US,Manufacturing,Employee / HR,Employees
play,Helen Kaminski,2026-03-08,US,Manufacturing,Financial,Company
play,Helen Kaminski,2026-03-08,US,Manufacturing,Customer data,Customers
play,Helen Kaminski,2026-03-08,US,Manufacturing,Corporate confidential,Company
play,Facilities USA,2026-03-08,US,Unknown,Personal data (PII),Individuals (unspecified)
play,Facilities USA,2026-03-08,US,Unknown,Employee / HR,Employees
play,Facilities USA,2026-03-08,US,Unknown,Financial,Company
play,Facilities USA,2026-03-08,US,Unknown,Customer data,Customers
play,Facilities USA,2026-03-08,US,Unknown,Corporate confidential,Company
play,T a Solberg,2026-03-06,US,Unknown,Personal data (PII),Individuals (unspecified)
play,T a Solberg,2026-03-06,US,Unknown,Employee / HR,Employees
play,T a Solberg,2026-03-06,US,Unknown,Financial,Company
play,T a Solberg,2026-03-06,US,Unknown,Customer data,Customers
play,T a Solberg,2026-03-06,US,Unknown,Corporate confidential,Company
play,Select Tool,2026-03-06,CA,Manufacturing,Personal data (PII),Individuals (unspecified)
play,Select Tool,2026-03-06,CA,Manufacturing,Employee / HR,Employees
play,Select Tool,2026-03-06,CA,Manufacturing,Financial,Company
play,Select Tool,2026-03-06,CA,Manufacturing,Customer data,Customers
play,Select Tool,2026-03-06,CA,Manufacturing,Corporate confidential,Company
play,Garland Williams & Associates,2026-03-06,US,Business Services,Personal data (PII),Individuals (unspecified)
play,Garland Williams & Associates,2026-03-06,US,Business Services,Employee / HR,Employees
play,Garland Williams & Associates,2026-03-06,US,Business Services,Financial,Company
play,Garland Williams & Associates,2026-03-06,US,Business Services,Customer data,Customers
play,Garland Williams & Associates,2026-03-06,US,Business Services,Corporate confidential,Company
play,Don E Bower,2026-03-06,US,Construction,Personal data (PII),Individuals (unspecified)
play,Don E Bower,2026-03-06,US,Construction,Employee / HR,Employees
play,Don E Bower,2026-03-06,US,Construction,Financial,Company
play,Don E Bower,2026-03-06,US,Construction,Customer data,Customers
play,Don E Bower,2026-03-06,US,Construction,Corporate confidential,Company
play,Design To Print,2026-03-06,US,Unknown,Personal data (PII),Individuals (unspecified)
play,Design To Print,2026-03-06,US,Unknown,Employee / HR,Employees
play,Design To Print,2026-03-06,US,Unknown,Financial,Company
play,Design To Print,2026-03-06,US,Unknown,Customer data,Customers
play,Design To Print,2026-03-06,US,Unknown,Corporate confidential,Company
play,DFW Aero Mechanix,2026-03-06,US,Transportation & Logistics,Personal data (PII),Individuals (unspecified)
play,DFW Aero Mechanix,2026-03-06,US,Transportation & Logistics,Employee / HR,Employees
play,DFW Aero Mechanix,2026-03-06,US,Transportation & Logistics,Financial,Company
play,DFW Aero Mechanix,2026-03-06,US,Transportation & Logistics,Customer data,Customers
play,DFW Aero Mechanix,2026-03-06,US,Transportation & Logistics,Corporate confidential,Company
akira,WAG Funktion Design,2026-03-06,,Unknown,Personal data (PII),Individuals (unspecified)
akira,WAG Funktion Design,2026-03-06,,Unknown,Employee / HR,Employees
akira,WAG Funktion Design,2026-03-06,,Unknown,Legal / contracts,Company
akira,WAG Funktion Design,2026-03-06,,Unknown,Corporate confidential,Company
akira,Verdugo Tool & Engineering,2026-03-06,,Manufacturing,Personal data (PII),Individuals (unspecified)
akira,Verdugo Tool & Engineering,2026-03-06,,Manufacturing,Employee / HR,Employees
akira,Verdugo Tool & Engineering,2026-03-06,,Manufacturing,Legal / contracts,Company
akira,Verdugo Tool & Engineering,2026-03-06,,Manufacturing,Corporate confidential,Company
akira,Siwax Specialties Group,2026-03-06,,Manufacturing,Personal data (PII),Individuals (unspecified)
akira,Siwax Specialties Group,2026-03-06,,Manufacturing,Employee / HR,Employees
akira,Siwax Specialties Group,2026-03-06,,Manufacturing,Financial,Company
akira,Siwax Specialties Group,2026-03-06,,Manufacturing,Legal / contracts,Company
akira,Siwax Specialties Group,2026-03-06,,Manufacturing,Corporate confidential,Company
akira,Trionex,2026-03-05,,Manufacturing,Personal data (PII),Individuals (unspecified)
akira,Trionex,2026-03-05,,Manufacturing,Employee / HR,Employees
akira,Trionex,2026-03-05,,Manufacturing,Financial,Company
akira,Trionex,2026-03-05,,Manufacturing,Customer data,Customers
akira,Trionex,2026-03-05,,Manufacturing,Legal / contracts,Company
akira,Trionex,2026-03-05,,Manufacturing,Corporate confidential,Company
akira,Schaltbau,2026-03-05,,Manufacturing,Personal data (PII),Individuals (unspecified)
akira,Schaltbau,2026-03-05,,Manufacturing,Employee / HR,Employees
akira,Schaltbau,2026-03-05,,Manufacturing,Customer data,Customers
akira,Schaltbau,2026-03-05,,Manufacturing,Legal / contracts,Company
akira,Schaltbau,2026-03-05,,Manufacturing,Corporate confidential,Company
akira,Ecofit,2026-03-05,,Manufacturing,Personal data (PII),Individuals (unspecified)
akira,Ecofit,2026-03-05,,Manufacturing,Employee / HR,Employees
akira,Ecofit,2026-03-05,,Manufacturing,Customer data,Customers
akira,Ecofit,2026-03-05,,Manufacturing,Legal / contracts,Company
akira,Ecofit,2026-03-05,,Manufacturing,Corporate confidential,Company
akira,Donjon,2026-03-05,,Energy & Utilities,Personal data (PII),Individuals (unspecified)
akira,Donjon,2026-03-05,,Energy & Utilities,Employee / HR,Employees
akira,Donjon,2026-03-05,,Energy & Utilities,Customer data,Customers
akira,Donjon,2026-03-05,,Energy & Utilities,Legal / contracts,Company
akira,Donjon,2026-03-05,,Energy & Utilities,Intellectual property / technical,Company
akira,Donjon,2026-03-05,,Energy & Utilities,Corporate confidential,Company
akira,DesignSourceCT,2026-03-05,,Retail & Consumer,Customer data,Customers
akira,DesignSourceCT,2026-03-05,,Retail & Consumer,Legal / contracts,Company
akira,DesignSourceCT,2026-03-05,,Retail & Consumer,Corporate confidential,Company
akira,Applied Products,2026-03-05,,Manufacturing,Personal data (PII),Individuals (unspecified)
akira,Applied Products,2026-03-05,,Manufacturing,Employee / HR,Employees
akira,Applied Products,2026-03-05,,Manufacturing,Customer data,Customers
akira,Applied Products,2026-03-05,,Manufacturing,Legal / contracts,Company
akira,Applied Products,2026-03-05,,Manufacturing,Corporate confidential,Company
akira,Reynolds DeMarco & Boland,2026-03-04,,Financial Services,Personal data (PII),Individuals (unspecified)
akira,Reynolds DeMarco & Boland,2026-03-04,,Financial Services,Customer data,Customers
akira,Reynolds DeMarco & Boland,2026-03-04,,Financial Services,Medical (PHI),Customers
akira,Reynolds DeMarco & Boland,2026-03-04,,Financial Services,Corporate confidential,Company
akira,Nicholas & Tangeman,2026-03-04,,Business Services,Personal data (PII),Individuals (unspecified)
akira,Nicholas & Tangeman,2026-03-04,,Business Services,Customer data,Customers
akira,Nicholas & Tangeman,2026-03-04,,Business Services,Legal / contracts,Company
akira,Nicholas & Tangeman,2026-03-04,,Business Services,Corporate confidential,Company
akira,MarketGraphics Research Group,2026-03-04,,Manufacturing,Personal data (PII),Individuals (unspecified)
akira,MarketGraphics Research Group,2026-03-04,,Manufacturing,Employee / HR,Employees
akira,MarketGraphics Research Group,2026-03-04,,Manufacturing,Financial,Company
akira,MarketGraphics Research Group,2026-03-04,,Manufacturing,Customer data,Customers
akira,MarketGraphics Research Group,2026-03-04,,Manufacturing,Legal / contracts,Company
akira,MarketGraphics Research Group,2026-03-04,,Manufacturing,Corporate confidential,Company
akira,HTH Companies,2026-03-04,,Manufacturing,Personal data (PII),Individuals (unspecified)
akira,HTH Companies,2026-03-04,,Manufacturing,Employee / HR,Employees
akira,HTH Companies,2026-03-04,,Manufacturing,Financial,Company
akira,HTH Companies,2026-03-04,,Manufacturing,Legal / contracts,Company
akira,HTH Companies,2026-03-04,,Manufacturing,Corporate confidential,Company
akira,Business Automation Specialist s of Minnesota,2026-03-04,,Unknown,Personal data (PII),Individuals (unspecified)
akira,Business Automation Specialist s of Minnesota,2026-03-04,,Unknown,Employee / HR,Employees
akira,Business Automation Specialist s of Minnesota,2026-03-04,,Unknown,Financial,Company
akira,Business Automation Specialist s of Minnesota,2026-03-04,,Unknown,Customer data,Customers
akira,Business Automation Specialist s of Minnesota,2026-03-04,,Unknown,Legal / contracts,Company
akira,Business Automation Specialist s of Minnesota,2026-03-04,,Unknown,Corporate confidential,Company
akira,BK Group,2026-03-04,,Construction,Personal data (PII),Individuals (unspecified)
akira,BK Group,2026-03-04,,Construction,Employee / HR,Employees
akira,BK Group,2026-03-04,,Construction,Financial,Company
akira,BK Group,2026-03-04,,Construction,Legal / contracts,Company
akira,BK Group,2026-03-04,,Construction,Corporate confidential,Company
play,GapVax,2026-03-03,US,Manufacturing,Personal data (PII),Individuals (unspecified)
play,GapVax,2026-03-03,US,Manufacturing,Employee / HR,Employees
play,GapVax,2026-03-03,US,Manufacturing,Financial,Company
play,GapVax,2026-03-03,US,Manufacturing,Customer data,Customers
play,GapVax,2026-03-03,US,Manufacturing,Corporate confidential,Company
play,WCC Technologies Group,2026-03-02,US,Technology,Personal data (PII),Individuals (unspecified)
play,WCC Technologies Group,2026-03-02,US,Technology,Employee / HR,Employees
play,WCC Technologies Group,2026-03-02,US,Technology,Financial,Company
play,WCC Technologies Group,2026-03-02,US,Technology,Customer data,Customers
play,WCC Technologies Group,2026-03-02,US,Technology,Corporate confidential,Company
play,The Kuker Group,2026-03-02,US,Business Services,Personal data (PII),Individuals (unspecified)
play,The Kuker Group,2026-03-02,US,Business Services,Employee / HR,Employees
play,The Kuker Group,2026-03-02,US,Business Services,Financial,Company
play,The Kuker Group,2026-03-02,US,Business Services,Customer data,Customers
play,The Kuker Group,2026-03-02,US,Business Services,Corporate confidential,Company
play,Project Consulting Services,2026-03-02,US,Construction,Personal data (PII),Individuals (unspecified)
play,Project Consulting Services,2026-03-02,US,Construction,Employee / HR,Employees
play,Project Consulting Services,2026-03-02,US,Construction,Financial,Company
play,Project Consulting Services,2026-03-02,US,Construction,Customer data,Customers
play,Project Consulting Services,2026-03-02,US,Construction,Corporate confidential,Company
play,LRA Constructors,2026-03-02,US,Construction,Personal data (PII),Individuals (unspecified)
play,LRA Constructors,2026-03-02,US,Construction,Employee / HR,Employees
play,LRA Constructors,2026-03-02,US,Construction,Financial,Company
play,LRA Constructors,2026-03-02,US,Construction,Customer data,Customers
play,LRA Constructors,2026-03-02,US,Construction,Corporate confidential,Company
play,Gordon/Clifford Realty,2026-03-02,US,Real Estate,Personal data (PII),Individuals (unspecified)
play,Gordon/Clifford Realty,2026-03-02,US,Real Estate,Employee / HR,Employees
play,Gordon/Clifford Realty,2026-03-02,US,Real Estate,Financial,Company
play,Gordon/Clifford Realty,2026-03-02,US,Real Estate,Customer data,Customers
play,Gordon/Clifford Realty,2026-03-02,US,Real Estate,Corporate confidential,Company
play,Go Professional Cases,2026-03-02,US,Unknown,Personal data (PII),Individuals (unspecified)
play,Go Professional Cases,2026-03-02,US,Unknown,Employee / HR,Employees
play,Go Professional Cases,2026-03-02,US,Unknown,Financial,Company
play,Go Professional Cases,2026-03-02,US,Unknown,Customer data,Customers
play,Go Professional Cases,2026-03-02,US,Unknown,Corporate confidential,Company
play,Favaro Lavezzo Gill Caretti,2026-03-02,US,Business Services,Personal data (PII),Individuals (unspecified)
play,Favaro Lavezzo Gill Caretti,2026-03-02,US,Business Services,Employee / HR,Employees
play,Favaro Lavezzo Gill Caretti,2026-03-02,US,Business Services,Financial,Company
play,Favaro Lavezzo Gill Caretti,2026-03-02,US,Business Services,Customer data,Customers
play,Favaro Lavezzo Gill Caretti,2026-03-02,US,Business Services,Corporate confidential,Company
play,Cobblestone Creek Country Club,2026-03-02,US,Hospitality & Leisure,Personal data (PII),Individuals (unspecified)
play,Cobblestone Creek Country Club,2026-03-02,US,Hospitality & Leisure,Employee / HR,Employees
play,Cobblestone Creek Country Club,2026-03-02,US,Hospitality & Leisure,Financial,Company
play,Cobblestone Creek Country Club,2026-03-02,US,Hospitality & Leisure,Customer data,Customers
play,Cobblestone Creek Country Club,2026-03-02,US,Hospitality & Leisure,Corporate confidential,Company
akira,ICAFe Companies,2026-03-02,,Manufacturing,Personal data (PII),Individuals (unspecified)
akira,ICAFe Companies,2026-03-02,,Manufacturing,Financial,Company
akira,ICAFe Companies,2026-03-02,,Manufacturing,Customer data,Customers
akira,ICAFe Companies,2026-03-02,,Manufacturing,Legal / contracts,Company
akira,ICAFe Companies,2026-03-02,,Manufacturing,Corporate confidential,Company
akira,Unisoft Communications,2026-02-27,,Financial Services,Employee / HR,Employees
akira,Unisoft Communications,2026-02-27,,Financial Services,Financial,Company
akira,Unisoft Communications,2026-02-27,,Financial Services,Customer data,Customers
akira,Unisoft Communications,2026-02-27,,Financial Services,Legal / contracts,Company
akira,Unisoft Communications,2026-02-27,,Financial Services,Corporate confidential,Company
akira,Hrp Hitesh Cpa,2026-02-27,,Business Services,Personal data (PII),Individuals (unspecified)
akira,Hrp Hitesh Cpa,2026-02-27,,Business Services,Financial,Company
akira,Hrp Hitesh Cpa,2026-02-27,,Business Services,Customer data,Customers
akira,Hrp Hitesh Cpa,2026-02-27,,Business Services,Corporate confidential,Company
akira,Gemsen,2026-02-27,CA,Retail & Consumer,Personal data (PII),Individuals (unspecified)
akira,Gemsen,2026-02-27,CA,Retail & Consumer,Employee / HR,Employees
akira,Gemsen,2026-02-27,CA,Retail & Consumer,Financial,Company
akira,Gemsen,2026-02-27,CA,Retail & Consumer,Customer data,Customers
akira,Gemsen,2026-02-27,CA,Retail & Consumer,Legal / contracts,Company
akira,Gemsen,2026-02-27,CA,Retail & Consumer,Corporate confidential,Company
akira,Com-Tec,2026-02-27,,Government,Personal data (PII),Individuals (unspecified)
akira,Com-Tec,2026-02-27,,Government,Employee / HR,Employees
akira,Com-Tec,2026-02-27,,Government,Financial,Company
akira,Com-Tec,2026-02-27,,Government,Customer data,Customers
akira,Com-Tec,2026-02-27,,Government,Legal / contracts,Company
akira,Com-Tec,2026-02-27,,Government,Corporate confidential,Company
akira,American Beauty School,2026-02-27,,Education,Personal data (PII),Individuals (unspecified)
akira,American Beauty School,2026-02-27,,Education,Employee / HR,Employees
akira,American Beauty School,2026-02-27,,Education,Financial,Company
akira,American Beauty School,2026-02-27,,Education,Corporate confidential,Company
akira,Ace Ethanol,2026-02-27,,Energy & Utilities,Personal data (PII),Individuals (unspecified)
akira,Ace Ethanol,2026-02-27,,Energy & Utilities,Employee / HR,Employees
akira,Ace Ethanol,2026-02-27,,Energy & Utilities,Financial,Company
akira,Ace Ethanol,2026-02-27,,Energy & Utilities,Corporate confidential,Company
play,Landmark Rehab Group,2026-02-26,US,Construction,Personal data (PII),Individuals (unspecified)
play,Landmark Rehab Group,2026-02-26,US,Construction,Employee / HR,Employees
play,Landmark Rehab Group,2026-02-26,US,Construction,Financial,Company
play,Landmark Rehab Group,2026-02-26,US,Construction,Customer data,Customers
play,Landmark Rehab Group,2026-02-26,US,Construction,Corporate confidential,Company
play,Integrity Building,2026-02-26,US,Construction,Personal data (PII),Individuals (unspecified)
play,Integrity Building,2026-02-26,US,Construction,Employee / HR,Employees
play,Integrity Building,2026-02-26,US,Construction,Financial,Company
play,Integrity Building,2026-02-26,US,Construction,Customer data,Customers
play,Integrity Building,2026-02-26,US,Construction,Corporate confidential,Company
play,BT Services,2026-02-26,US,Construction,Personal data (PII),Individuals (unspecified)
play,BT Services,2026-02-26,US,Construction,Employee / HR,Employees
play,BT Services,2026-02-26,US,Construction,Financial,Company
play,BT Services,2026-02-26,US,Construction,Customer data,Customers
play,BT Services,2026-02-26,US,Construction,Corporate confidential,Company
akira,Westiform Germany,2026-02-24,DE,Manufacturing,Personal data (PII),Individuals (unspecified)
akira,Westiform Germany,2026-02-24,DE,Manufacturing,Employee / HR,Employees
akira,Westiform Germany,2026-02-24,DE,Manufacturing,Financial,Company
akira,Westiform Germany,2026-02-24,DE,Manufacturing,Legal / contracts,Company
akira,Westiform Germany,2026-02-24,DE,Manufacturing,Corporate confidential,Company
akira,Microforum,2026-02-24,,Manufacturing,Employee / HR,Employees
akira,Microforum,2026-02-24,,Manufacturing,Financial,Company
akira,Microforum,2026-02-24,,Manufacturing,Legal / contracts,Company
akira,Microforum,2026-02-24,,Manufacturing,Corporate confidential,Company
akira,Huber,2026-02-24,,Manufacturing,Personal data (PII),Individuals (unspecified)
akira,Huber,2026-02-24,,Manufacturing,Employee / HR,Employees
akira,Huber,2026-02-24,,Manufacturing,Financial,Company
akira,Huber,2026-02-24,,Manufacturing,Corporate confidential,Company
akira,Employer Solutions Group,2026-02-24,,Business Services,Personal data (PII),Individuals (unspecified)
akira,Employer Solutions Group,2026-02-24,,Business Services,Employee / HR,Employees
akira,Employer Solutions Group,2026-02-24,,Business Services,Financial,Company
akira,Employer Solutions Group,2026-02-24,,Business Services,Customer data,Customers
akira,Employer Solutions Group,2026-02-24,,Business Services,Legal / contracts,Company
akira,Employer Solutions Group,2026-02-24,,Business Services,Corporate confidential,Company
akira,CognitiveTPG,2026-02-24,,Healthcare,Personal data (PII),Individuals (unspecified)
akira,CognitiveTPG,2026-02-24,,Healthcare,Employee / HR,Employees
akira,CognitiveTPG,2026-02-24,,Healthcare,Legal / contracts,Company
akira,CognitiveTPG,2026-02-24,,Healthcare,Corporate confidential,Company
play,Hendrick Construction,2026-02-22,US,Construction,Personal data (PII),Individuals (unspecified)
play,Hendrick Construction,2026-02-22,US,Construction,Employee / HR,Employees
play,Hendrick Construction,2026-02-22,US,Construction,Financial,Company
play,Hendrick Construction,2026-02-22,US,Construction,Customer data,Customers
play,Hendrick Construction,2026-02-22,US,Construction,Corporate confidential,Company
play,Gulfstream Services,2026-02-22,US,Energy & Utilities,Personal data (PII),Individuals (unspecified)
play,Gulfstream Services,2026-02-22,US,Energy & Utilities,Employee / HR,Employees
play,Gulfstream Services,2026-02-22,US,Energy & Utilities,Financial,Company
play,Gulfstream Services,2026-02-22,US,Energy & Utilities,Customer data,Customers
play,Gulfstream Services,2026-02-22,US,Energy & Utilities,Corporate confidential,Company
play,Faulkner+Locke,2026-02-22,US,Retail & Consumer,Personal data (PII),Individuals (unspecified)
play,Faulkner+Locke,2026-02-22,US,Retail & Consumer,Employee / HR,Employees
play,Faulkner+Locke,2026-02-22,US,Retail & Consumer,Financial,Company
play,Faulkner+Locke,2026-02-22,US,Retail & Consumer,Customer data,Customers
play,Faulkner+Locke,2026-02-22,US,Retail & Consumer,Corporate confidential,Company
play,Chemical Computing Group,2026-02-22,CA,Technology,Personal data (PII),Individuals (unspecified)
play,Chemical Computing Group,2026-02-22,CA,Technology,Employee / HR,Employees
play,Chemical Computing Group,2026-02-22,CA,Technology,Financial,Company
play,Chemical Computing Group,2026-02-22,CA,Technology,Customer data,Customers
play,Chemical Computing Group,2026-02-22,CA,Technology,Corporate confidential,Company
play,Atlantic Design Engineers,2026-02-22,US,Construction,Personal data (PII),Individuals (unspecified)
play,Atlantic Design Engineers,2026-02-22,US,Construction,Employee / HR,Employees
play,Atlantic Design Engineers,2026-02-22,US,Construction,Financial,Company
play,Atlantic Design Engineers,2026-02-22,US,Construction,Customer data,Customers
play,Atlantic Design Engineers,2026-02-22,US,Construction,Corporate confidential,Company
akira,The Cherokee Group,2026-02-20,,Construction,Personal data (PII),Individuals (unspecified)
akira,The Cherokee Group,2026-02-20,,Construction,Employee / HR,Employees
akira,The Cherokee Group,2026-02-20,,Construction,Financial,Company
akira,The Cherokee Group,2026-02-20,,Construction,Legal / contracts,Company
akira,The Cherokee Group,2026-02-20,,Construction,Intellectual property / technical,Company
akira,The Cherokee Group,2026-02-20,,Construction,Corporate confidential,Company
akira,Fabcon,2026-02-20,,Manufacturing,Personal data (PII),Individuals (unspecified)
akira,Fabcon,2026-02-20,,Manufacturing,Employee / HR,Employees
akira,Fabcon,2026-02-20,,Manufacturing,Financial,Company
akira,Fabcon,2026-02-20,,Manufacturing,Customer data,Customers
akira,Fabcon,2026-02-20,,Manufacturing,Legal / contracts,Company
akira,Fabcon,2026-02-20,,Manufacturing,Corporate confidential,Company
play,Tropic Tool & Mold,2026-02-19,US,Manufacturing,Personal data (PII),Individuals (unspecified)
play,Tropic Tool & Mold,2026-02-19,US,Manufacturing,Employee / HR,Employees
play,Tropic Tool & Mold,2026-02-19,US,Manufacturing,Financial,Company
play,Tropic Tool & Mold,2026-02-19,US,Manufacturing,Customer data,Customers
play,Tropic Tool & Mold,2026-02-19,US,Manufacturing,Corporate confidential,Company
play,Spring Brook Country Club,2026-02-19,US,Hospitality & Leisure,Personal data (PII),Individuals (unspecified)
play,Spring Brook Country Club,2026-02-19,US,Hospitality & Leisure,Employee / HR,Employees
play,Spring Brook Country Club,2026-02-19,US,Hospitality & Leisure,Financial,Company
play,Spring Brook Country Club,2026-02-19,US,Hospitality & Leisure,Customer data,Customers
play,Spring Brook Country Club,2026-02-19,US,Hospitality & Leisure,Corporate confidential,Company
play,Sika Technology,2026-02-19,NZ,Construction,Personal data (PII),Individuals (unspecified)
play,Sika Technology,2026-02-19,NZ,Construction,Employee / HR,Employees
play,Sika Technology,2026-02-19,NZ,Construction,Financial,Company
play,Sika Technology,2026-02-19,NZ,Construction,Customer data,Customers
play,Sika Technology,2026-02-19,NZ,Construction,Corporate confidential,Company
play,Paisley Products of Canada,2026-02-19,CA,Manufacturing,Personal data (PII),Individuals (unspecified)
play,Paisley Products of Canada,2026-02-19,CA,Manufacturing,Employee / HR,Employees
play,Paisley Products of Canada,2026-02-19,CA,Manufacturing,Financial,Company
play,Paisley Products of Canada,2026-02-19,CA,Manufacturing,Customer data,Customers
play,Paisley Products of Canada,2026-02-19,CA,Manufacturing,Corporate confidential,Company
play,Oklahoma Auto Exchange,2026-02-19,US,Manufacturing,Personal data (PII),Individuals (unspecified)
play,Oklahoma Auto Exchange,2026-02-19,US,Manufacturing,Employee / HR,Employees
play,Oklahoma Auto Exchange,2026-02-19,US,Manufacturing,Financial,Company
play,Oklahoma Auto Exchange,2026-02-19,US,Manufacturing,Customer data,Customers
play,Oklahoma Auto Exchange,2026-02-19,US,Manufacturing,Corporate confidential,Company
play,Kirbor Homes,2026-02-19,US,Construction,Personal data (PII),Individuals (unspecified)
play,Kirbor Homes,2026-02-19,US,Construction,Employee / HR,Employees
play,Kirbor Homes,2026-02-19,US,Construction,Financial,Company
play,Kirbor Homes,2026-02-19,US,Construction,Customer data,Customers
play,Kirbor Homes,2026-02-19,US,Construction,Corporate confidential,Company
play,Indianapolis Car Exchange,2026-02-19,US,Manufacturing,Personal data (PII),Individuals (unspecified)
play,Indianapolis Car Exchange,2026-02-19,US,Manufacturing,Employee / HR,Employees
play,Indianapolis Car Exchange,2026-02-19,US,Manufacturing,Financial,Company
play,Indianapolis Car Exchange,2026-02-19,US,Manufacturing,Customer data,Customers
play,Indianapolis Car Exchange,2026-02-19,US,Manufacturing,Corporate confidential,Company
play,Auto Auction of New England,2026-02-19,US,Manufacturing,Personal data (PII),Individuals (unspecified)
play,Auto Auction of New England,2026-02-19,US,Manufacturing,Employee / HR,Employees
play,Auto Auction of New England,2026-02-19,US,Manufacturing,Financial,Company
play,Auto Auction of New England,2026-02-19,US,Manufacturing,Customer data,Customers
play,Auto Auction of New England,2026-02-19,US,Manufacturing,Corporate confidential,Company
play,Arizona Lighting Sales,2026-02-19,US,Manufacturing,Personal data (PII),Individuals (unspecified)
play,Arizona Lighting Sales,2026-02-19,US,Manufacturing,Employee / HR,Employees
play,Arizona Lighting Sales,2026-02-19,US,Manufacturing,Financial,Company
play,Arizona Lighting Sales,2026-02-19,US,Manufacturing,Customer data,Customers
play,Arizona Lighting Sales,2026-02-19,US,Manufacturing,Corporate confidential,Company
akira,Cedar Grove Warehouse,2026-02-18,,Transportation & Logistics,Personal data (PII),Individuals (unspecified)
akira,Cedar Grove Warehouse,2026-02-18,,Transportation & Logistics,Employee / HR,Employees
akira,Cedar Grove Warehouse,2026-02-18,,Transportation & Logistics,Financial,Company
akira,Cedar Grove Warehouse,2026-02-18,,Transportation & Logistics,Customer data,Customers
akira,Cedar Grove Warehouse,2026-02-18,,Transportation & Logistics,Legal / contracts,Company
akira,Cedar Grove Warehouse,2026-02-18,,Transportation & Logistics,Corporate confidential,Company
akira,Cargo Largo,2026-02-18,,Retail & Consumer,Financial,Company
akira,Cargo Largo,2026-02-18,,Retail & Consumer,Customer data,Customers
akira,Cargo Largo,2026-02-18,,Retail & Consumer,Corporate confidential,Company
akira,iSMA CONTROLLI,2026-02-16,,Technology,Customer data,Customers
akira,iSMA CONTROLLI,2026-02-16,,Technology,Corporate confidential,Company
akira,Williams Brothers Construction,2026-02-16,US,Construction,Personal data (PII),Individuals (unspecified)
akira,Williams Brothers Construction,2026-02-16,US,Construction,Employee / HR,Employees
akira,Williams Brothers Construction,2026-02-16,US,Construction,Financial,Company
akira,Williams Brothers Construction,2026-02-16,US,Construction,Customer data,Customers
akira,Williams Brothers Construction,2026-02-16,US,Construction,Legal / contracts,Company
akira,Williams Brothers Construction,2026-02-16,US,Construction,Corporate confidential,Company
akira,Icat Food SpA,2026-02-16,,Agriculture & Food,Personal data (PII),Individuals (unspecified)
akira,Icat Food SpA,2026-02-16,,Agriculture & Food,Employee / HR,Employees
akira,Icat Food SpA,2026-02-16,,Agriculture & Food,Financial,Company
akira,Icat Food SpA,2026-02-16,,Agriculture & Food,Customer data,Customers
akira,Icat Food SpA,2026-02-16,,Agriculture & Food,Corporate confidential,Company
akira,Charm Diamond Centres,2026-02-16,,Retail & Consumer,Personal data (PII),Individuals (unspecified)
akira,Charm Diamond Centres,2026-02-16,,Retail & Consumer,Employee / HR,Employees
akira,Charm Diamond Centres,2026-02-16,,Retail & Consumer,Financial,Company
akira,Charm Diamond Centres,2026-02-16,,Retail & Consumer,Customer data,Customers
akira,Charm Diamond Centres,2026-02-16,,Retail & Consumer,Legal / contracts,Company
akira,Charm Diamond Centres,2026-02-16,,Retail & Consumer,Corporate confidential,Company
play,Branagh,2026-02-15,US,Education,Personal data (PII),Individuals (unspecified)
play,Branagh,2026-02-15,US,Education,Employee / HR,Employees
play,Branagh,2026-02-15,US,Education,Financial,Company
play,Branagh,2026-02-15,US,Education,Customer data,Customers
play,Branagh,2026-02-15,US,Education,Corporate confidential,Company
play,Unified Engineering,2026-02-13,CA,Construction,Personal data (PII),Individuals (unspecified)
play,Unified Engineering,2026-02-13,CA,Construction,Employee / HR,Employees
play,Unified Engineering,2026-02-13,CA,Construction,Financial,Company
play,Unified Engineering,2026-02-13,CA,Construction,Customer data,Customers
play,Unified Engineering,2026-02-13,CA,Construction,Corporate confidential,Company
play,UCG Associates,2026-02-13,US,Unknown,Personal data (PII),Individuals (unspecified)
play,UCG Associates,2026-02-13,US,Unknown,Employee / HR,Employees
play,UCG Associates,2026-02-13,US,Unknown,Financial,Company
play,UCG Associates,2026-02-13,US,Unknown,Customer data,Customers
play,UCG Associates,2026-02-13,US,Unknown,Corporate confidential,Company
play,Lusamerica Foods,2026-02-13,US,Retail & Consumer,Personal data (PII),Individuals (unspecified)
play,Lusamerica Foods,2026-02-13,US,Retail & Consumer,Employee / HR,Employees
play,Lusamerica Foods,2026-02-13,US,Retail & Consumer,Financial,Company
play,Lusamerica Foods,2026-02-13,US,Retail & Consumer,Customer data,Customers
play,Lusamerica Foods,2026-02-13,US,Retail & Consumer,Corporate confidential,Company
play,Heartland Title Services,2026-02-13,US,Real Estate,Personal data (PII),Individuals (unspecified)
play,Heartland Title Services,2026-02-13,US,Real Estate,Employee / HR,Employees
play,Heartland Title Services,2026-02-13,US,Real Estate,Financial,Company
play,Heartland Title Services,2026-02-13,US,Real Estate,Customer data,Customers
play,Heartland Title Services,2026-02-13,US,Real Estate,Corporate confidential,Company
play,HMA,2026-02-13,US,Unknown,Personal data (PII),Individuals (unspecified)
play,HMA,2026-02-13,US,Unknown,Employee / HR,Employees
play,HMA,2026-02-13,US,Unknown,Financial,Company
play,HMA,2026-02-13,US,Unknown,Customer data,Customers
play,HMA,2026-02-13,US,Unknown,Corporate confidential,Company
play,Makivik,2026-02-11,CA,Unknown,Personal data (PII),Individuals (unspecified)
play,Makivik,2026-02-11,CA,Unknown,Employee / HR,Employees
play,Makivik,2026-02-11,CA,Unknown,Financial,Company
play,Makivik,2026-02-11,CA,Unknown,Customer data,Customers
play,Makivik,2026-02-11,CA,Unknown,Corporate confidential,Company
play,Catalanatto & Barnes,2026-02-11,US,Business Services,Personal data (PII),Individuals (unspecified)
play,Catalanatto & Barnes,2026-02-11,US,Business Services,Employee / HR,Employees
play,Catalanatto & Barnes,2026-02-11,US,Business Services,Financial,Company
play,Catalanatto & Barnes,2026-02-11,US,Business Services,Customer data,Customers
play,Catalanatto & Barnes,2026-02-11,US,Business Services,Corporate confidential,Company
incransom,Valgo SA,2026-02-11,FR,Manufacturing,Financial,Company
incransom,Valgo SA,2026-02-11,FR,Manufacturing,Customer data,Customers
incransom,Valgo SA,2026-02-11,FR,Manufacturing,Legal / contracts,Company
incransom,Valgo SA,2026-02-11,FR,Manufacturing,Corporate confidential,Company
play,Milwaukee Forge,2026-02-10,US,Unknown,Personal data (PII),Individuals (unspecified)
play,Milwaukee Forge,2026-02-10,US,Unknown,Employee / HR,Employees
play,Milwaukee Forge,2026-02-10,US,Unknown,Financial,Company
play,Milwaukee Forge,2026-02-10,US,Unknown,Customer data,Customers
play,Milwaukee Forge,2026-02-10,US,Unknown,Corporate confidential,Company
play,RAL Companies,2026-02-07,US,Real Estate,Personal data (PII),Individuals (unspecified)
play,RAL Companies,2026-02-07,US,Real Estate,Employee / HR,Employees
play,RAL Companies,2026-02-07,US,Real Estate,Financial,Company
play,RAL Companies,2026-02-07,US,Real Estate,Customer data,Customers
play,RAL Companies,2026-02-07,US,Real Estate,Corporate confidential,Company
play,KaiserAir,2026-02-07,US,Unknown,Personal data (PII),Individuals (unspecified)
play,KaiserAir,2026-02-07,US,Unknown,Employee / HR,Employees
play,KaiserAir,2026-02-07,US,Unknown,Financial,Company
play,KaiserAir,2026-02-07,US,Unknown,Customer data,Customers
play,KaiserAir,2026-02-07,US,Unknown,Corporate confidential,Company
play,Ilderton Contracting,2026-02-07,US,Construction,Personal data (PII),Individuals (unspecified)
play,Ilderton Contracting,2026-02-07,US,Construction,Employee / HR,Employees
play,Ilderton Contracting,2026-02-07,US,Construction,Financial,Company
play,Ilderton Contracting,2026-02-07,US,Construction,Customer data,Customers
play,Ilderton Contracting,2026-02-07,US,Construction,Corporate confidential,Company
play,ESS Metron,2026-02-07,US,Manufacturing,Personal data (PII),Individuals (unspecified)
play,ESS Metron,2026-02-07,US,Manufacturing,Employee / HR,Employees
play,ESS Metron,2026-02-07,US,Manufacturing,Financial,Company
play,ESS Metron,2026-02-07,US,Manufacturing,Customer data,Customers
play,ESS Metron,2026-02-07,US,Manufacturing,Corporate confidential,Company
play,De Gruyter Brill,2026-02-07,US,Unknown,Personal data (PII),Individuals (unspecified)
play,De Gruyter Brill,2026-02-07,US,Unknown,Employee / HR,Employees
play,De Gruyter Brill,2026-02-07,US,Unknown,Financial,Company
play,De Gruyter Brill,2026-02-07,US,Unknown,Customer data,Customers
play,De Gruyter Brill,2026-02-07,US,Unknown,Corporate confidential,Company
play,Carlton Scale,2026-02-07,US,Manufacturing,Personal data (PII),Individuals (unspecified)
play,Carlton Scale,2026-02-07,US,Manufacturing,Employee / HR,Employees
play,Carlton Scale,2026-02-07,US,Manufacturing,Financial,Company
play,Carlton Scale,2026-02-07,US,Manufacturing,Customer data,Customers
play,Carlton Scale,2026-02-07,US,Manufacturing,Corporate confidential,Company
play,Bloom's Bus Lines,2026-02-07,US,Transportation & Logistics,Personal data (PII),Individuals (unspecified)
play,Bloom's Bus Lines,2026-02-07,US,Transportation & Logistics,Employee / HR,Employees
play,Bloom's Bus Lines,2026-02-07,US,Transportation & Logistics,Financial,Company
play,Bloom's Bus Lines,2026-02-07,US,Transportation & Logistics,Customer data,Customers
play,Bloom's Bus Lines,2026-02-07,US,Transportation & Logistics,Corporate confidential,Company
akira,TriPartum,2026-02-06,,Financial Services,Personal data (PII),Individuals (unspecified)
akira,TriPartum,2026-02-06,,Financial Services,Employee / HR,Employees
akira,TriPartum,2026-02-06,,Financial Services,Financial,Company
akira,TriPartum,2026-02-06,,Financial Services,Customer data,Customers
akira,TriPartum,2026-02-06,,Financial Services,Legal / contracts,Company
akira,TriPartum,2026-02-06,,Financial Services,Corporate confidential,Company
akira,Peerson Audio,2026-02-06,,Government,Employee / HR,Employees
akira,Peerson Audio,2026-02-06,,Government,Financial,Company
akira,Peerson Audio,2026-02-06,,Government,Customer data,Customers
akira,Peerson Audio,2026-02-06,,Government,Corporate confidential,Company
akira,United Hospital Supply,2026-02-05,,Healthcare,Employee / HR,Employees
akira,United Hospital Supply,2026-02-05,,Healthcare,Financial,Company
akira,United Hospital Supply,2026-02-05,,Healthcare,Customer data,Customers
akira,United Hospital Supply,2026-02-05,,Healthcare,Legal / contracts,Company
akira,United Hospital Supply,2026-02-05,,Healthcare,Corporate confidential,Company
akira,Farsound Aviation,2026-02-05,,Manufacturing,Employee / HR,Employees
akira,Farsound Aviation,2026-02-05,,Manufacturing,Financial,Company
akira,Farsound Aviation,2026-02-05,,Manufacturing,Customer data,Customers
akira,Farsound Aviation,2026-02-05,,Manufacturing,Legal / contracts,Company
akira,Farsound Aviation,2026-02-05,,Manufacturing,Corporate confidential,Company
play,Woodfield,2026-02-04,US,Transportation & Logistics,Personal data (PII),Individuals (unspecified)
play,Woodfield,2026-02-04,US,Transportation & Logistics,Employee / HR,Employees
play,Woodfield,2026-02-04,US,Transportation & Logistics,Financial,Company
play,Woodfield,2026-02-04,US,Transportation & Logistics,Customer data,Customers
play,Woodfield,2026-02-04,US,Transportation & Logistics,Corporate confidential,Company
play,CBH Homes,2026-02-04,US,Construction,Personal data (PII),Individuals (unspecified)
play,CBH Homes,2026-02-04,US,Construction,Employee / HR,Employees
play,CBH Homes,2026-02-04,US,Construction,Financial,Company
play,CBH Homes,2026-02-04,US,Construction,Customer data,Customers
play,CBH Homes,2026-02-04,US,Construction,Corporate confidential,Company
akira,efulfillment Service,2026-02-04,,Transportation & Logistics,Financial,Company
akira,efulfillment Service,2026-02-04,,Transportation & Logistics,Customer data,Customers
akira,efulfillment Service,2026-02-04,,Transportation & Logistics,Corporate confidential,Company
akira,Richey Tax Solutions,2026-02-04,,Business Services,Personal data (PII),Individuals (unspecified)
akira,Richey Tax Solutions,2026-02-04,,Business Services,Financial,Company
akira,Richey Tax Solutions,2026-02-04,,Business Services,Customer data,Customers
akira,Richey Tax Solutions,2026-02-04,,Business Services,Corporate confidential,Company
akira,Karl Geuther,2026-02-04,,Transportation & Logistics,Personal data (PII),Individuals (unspecified)
akira,Karl Geuther,2026-02-04,,Transportation & Logistics,Employee / HR,Employees
akira,Karl Geuther,2026-02-04,,Transportation & Logistics,Financial,Company
akira,Karl Geuther,2026-02-04,,Transportation & Logistics,Legal / contracts,Company
akira,Karl Geuther,2026-02-04,,Transportation & Logistics,Corporate confidential,Company
akira,D'Onofrio General Contractors,2026-02-04,JE,Construction,Personal data (PII),Individuals (unspecified)
akira,D'Onofrio General Contractors,2026-02-04,JE,Construction,Employee / HR,Employees
akira,D'Onofrio General Contractors,2026-02-04,JE,Construction,Financial,Company
akira,D'Onofrio General Contractors,2026-02-04,JE,Construction,Corporate confidential,Company
akira,Travelmarket,2026-02-03,DK,Hospitality & Leisure,Customer data,Customers
akira,Travelmarket,2026-02-03,DK,Hospitality & Leisure,Corporate confidential,Company
akira,Rosenblum Schwartz & Fry,2026-02-03,,Business Services,Personal data (PII),Individuals (unspecified)
akira,Rosenblum Schwartz & Fry,2026-02-03,,Business Services,Employee / HR,Employees
akira,Rosenblum Schwartz & Fry,2026-02-03,,Business Services,Financial,Company
akira,Rosenblum Schwartz & Fry,2026-02-03,,Business Services,Customer data,Customers
akira,Rosenblum Schwartz & Fry,2026-02-03,,Business Services,Corporate confidential,Company
akira,PTI,2026-02-03,,Unknown,Financial,Company
akira,PTI,2026-02-03,,Unknown,Corporate confidential,Company
akira,Forella Group,2026-02-03,,Construction,Personal data (PII),Individuals (unspecified)
akira,Forella Group,2026-02-03,,Construction,Employee / HR,Employees
akira,Forella Group,2026-02-03,,Construction,Financial,Company
akira,Forella Group,2026-02-03,,Construction,Legal / contracts,Company
akira,Forella Group,2026-02-03,,Construction,Corporate confidential,Company
akira,Drake Precision Dental Laborat ory,2026-02-03,,Healthcare,Personal data (PII),Individuals (unspecified)
akira,Drake Precision Dental Laborat ory,2026-02-03,,Healthcare,Employee / HR,Employees
akira,Drake Precision Dental Laborat ory,2026-02-03,,Healthcare,Financial,Company
akira,Drake Precision Dental Laborat ory,2026-02-03,,Healthcare,Customer data,Customers
akira,Drake Precision Dental Laborat ory,2026-02-03,,Healthcare,Legal / contracts,Company
akira,Drake Precision Dental Laborat ory,2026-02-03,,Healthcare,Corporate confidential,Company
akira,Zurflüh-Feller,2026-02-02,,Manufacturing,Personal data (PII),Individuals (unspecified)
akira,Zurflüh-Feller,2026-02-02,,Manufacturing,Employee / HR,Employees
akira,Zurflüh-Feller,2026-02-02,,Manufacturing,Financial,Company
akira,Zurflüh-Feller,2026-02-02,,Manufacturing,Legal / contracts,Company
akira,Zurflüh-Feller,2026-02-02,,Manufacturing,Corporate confidential,Company
akira,Kilograph,2026-02-02,,Technology,Personal data (PII),Individuals (unspecified)
akira,Kilograph,2026-02-02,,Technology,Employee / HR,Employees
akira,Kilograph,2026-02-02,,Technology,Financial,Company
akira,Kilograph,2026-02-02,,Technology,Customer data,Customers
akira,Kilograph,2026-02-02,,Technology,Legal / contracts,Company
akira,Kilograph,2026-02-02,,Technology,Corporate confidential,Company
akira,JST Power Equipment,2026-02-02,,Manufacturing,Employee / HR,Employees
akira,JST Power Equipment,2026-02-02,,Manufacturing,Financial,Company
akira,JST Power Equipment,2026-02-02,,Manufacturing,Customer data,Customers
akira,JST Power Equipment,2026-02-02,,Manufacturing,Legal / contracts,Company
akira,JST Power Equipment,2026-02-02,,Manufacturing,Corporate confidential,Company
akira,Ferretti Construction,2026-02-02,,Construction,Personal data (PII),Individuals (unspecified)
akira,Ferretti Construction,2026-02-02,,Construction,Employee / HR,Employees
akira,Ferretti Construction,2026-02-02,,Construction,Financial,Company
akira,Ferretti Construction,2026-02-02,,Construction,Legal / contracts,Company
akira,Ferretti Construction,2026-02-02,,Construction,Corporate confidential,Company
play,Deatak,2026-02-01,US,Manufacturing,Personal data (PII),Individuals (unspecified)
play,Deatak,2026-02-01,US,Manufacturing,Employee / HR,Employees
play,Deatak,2026-02-01,US,Manufacturing,Financial,Company
play,Deatak,2026-02-01,US,Manufacturing,Customer data,Customers
play,Deatak,2026-02-01,US,Manufacturing,Corporate confidential,Company
play,NAI Plotkin,2026-01-31,US,Real Estate,Personal data (PII),Individuals (unspecified)
play,NAI Plotkin,2026-01-31,US,Real Estate,Employee / HR,Employees
play,NAI Plotkin,2026-01-31,US,Real Estate,Financial,Company
play,NAI Plotkin,2026-01-31,US,Real Estate,Customer data,Customers
play,NAI Plotkin,2026-01-31,US,Real Estate,Corporate confidential,Company
play,Bar S Services,2026-01-31,US,Energy & Utilities,Personal data (PII),Individuals (unspecified)
play,Bar S Services,2026-01-31,US,Energy & Utilities,Employee / HR,Employees
play,Bar S Services,2026-01-31,US,Energy & Utilities,Financial,Company
play,Bar S Services,2026-01-31,US,Energy & Utilities,Customer data,Customers
play,Bar S Services,2026-01-31,US,Energy & Utilities,Corporate confidential,Company
incransom,Western New York Energy,2026-01-30,US,Energy & Utilities,Financial,Company
incransom,Western New York Energy,2026-01-30,US,Energy & Utilities,Customer data,Customers
incransom,Western New York Energy,2026-01-30,US,Energy & Utilities,Legal / contracts,Company
incransom,Western New York Energy,2026-01-30,US,Energy & Utilities,Intellectual property / technical,Company
incransom,Western New York Energy,2026-01-30,US,Energy & Utilities,Corporate confidential,Company
akira,Northeast Industrial Manufactu ring,2026-01-30,,Manufacturing,Personal data (PII),Individuals (unspecified)
akira,Northeast Industrial Manufactu ring,2026-01-30,,Manufacturing,Employee / HR,Employees
akira,Northeast Industrial Manufactu ring,2026-01-30,,Manufacturing,Financial,Company
akira,Northeast Industrial Manufactu ring,2026-01-30,,Manufacturing,Legal / contracts,Company
akira,Northeast Industrial Manufactu ring,2026-01-30,,Manufacturing,Corporate confidential,Company
akira,Fulcrum Construction,2026-01-30,,Construction,Personal data (PII),Individuals (unspecified)
akira,Fulcrum Construction,2026-01-30,,Construction,Employee / HR,Employees
akira,Fulcrum Construction,2026-01-30,,Construction,Financial,Company
akira,Fulcrum Construction,2026-01-30,,Construction,Legal / contracts,Company
akira,Fulcrum Construction,2026-01-30,,Construction,Corporate confidential,Company
incransom,Beacon Mutual Insurance,2026-01-29,US,Financial Services,Personal data (PII),Individuals (unspecified)
incransom,Beacon Mutual Insurance,2026-01-29,US,Financial Services,Employee / HR,Employees
incransom,Beacon Mutual Insurance,2026-01-29,US,Financial Services,Financial,Company
incransom,Beacon Mutual Insurance,2026-01-29,US,Financial Services,Customer data,Customers
incransom,Beacon Mutual Insurance,2026-01-29,US,Financial Services,Medical (PHI),Customers
incransom,Beacon Mutual Insurance,2026-01-29,US,Financial Services,Legal / contracts,Company
incransom,Beacon Mutual Insurance,2026-01-29,US,Financial Services,Credentials / IT,Company
incransom,Beacon Mutual Insurance,2026-01-29,US,Financial Services,Corporate confidential,Company
akira,"iGlobal Services, Medenet",2026-01-29,,Healthcare,Personal data (PII),Individuals (unspecified)
akira,"iGlobal Services, Medenet",2026-01-29,,Healthcare,Employee / HR,Employees
akira,"iGlobal Services, Medenet",2026-01-29,,Healthcare,Financial,Company
akira,"iGlobal Services, Medenet",2026-01-29,,Healthcare,Customer data,Customers
akira,"iGlobal Services, Medenet",2026-01-29,,Healthcare,Legal / contracts,Company
akira,"iGlobal Services, Medenet",2026-01-29,,Healthcare,Corporate confidential,Company
akira,Melton Machine & Control,2026-01-29,,Manufacturing,Personal data (PII),Individuals (unspecified)
akira,Melton Machine & Control,2026-01-29,,Manufacturing,Employee / HR,Employees
akira,Melton Machine & Control,2026-01-29,,Manufacturing,Financial,Company
akira,Melton Machine & Control,2026-01-29,,Manufacturing,Customer data,Customers
akira,Melton Machine & Control,2026-01-29,,Manufacturing,Legal / contracts,Company
akira,Melton Machine & Control,2026-01-29,,Manufacturing,Corporate confidential,Company
akira,MG Oil,2026-01-29,,Retail & Consumer,Personal data (PII),Individuals (unspecified)
akira,MG Oil,2026-01-29,,Retail & Consumer,Employee / HR,Employees
akira,MG Oil,2026-01-29,,Retail & Consumer,Financial,Company
akira,MG Oil,2026-01-29,,Retail & Consumer,Customer data,Customers
akira,MG Oil,2026-01-29,,Retail & Consumer,Legal / contracts,Company
akira,MG Oil,2026-01-29,,Retail & Consumer,Corporate confidential,Company
akira,Hillmann Consulting,2026-01-29,,Business Services,Personal data (PII),Individuals (unspecified)
akira,Hillmann Consulting,2026-01-29,,Business Services,Employee / HR,Employees
akira,Hillmann Consulting,2026-01-29,,Business Services,Financial,Company
akira,Hillmann Consulting,2026-01-29,,Business Services,Legal / contracts,Company
akira,Hillmann Consulting,2026-01-29,,Business Services,Corporate confidential,Company
akira,Easypak,2026-01-29,,Manufacturing,Personal data (PII),Individuals (unspecified)
akira,Easypak,2026-01-29,,Manufacturing,Employee / HR,Employees
akira,Easypak,2026-01-29,,Manufacturing,Financial,Company
akira,Easypak,2026-01-29,,Manufacturing,Customer data,Customers
akira,Easypak,2026-01-29,,Manufacturing,Legal / contracts,Company
akira,Easypak,2026-01-29,,Manufacturing,Corporate confidential,Company
akira,Crosslists Data,2026-01-29,,Unknown,Personal data (PII),Individuals (unspecified)
akira,Crosslists Data,2026-01-29,,Unknown,Employee / HR,Employees
akira,Crosslists Data,2026-01-29,,Unknown,Financial,Company
akira,Crosslists Data,2026-01-29,,Unknown,Customer data,Customers
akira,Crosslists Data,2026-01-29,,Unknown,Legal / contracts,Company
akira,Crosslists Data,2026-01-29,,Unknown,Corporate confidential,Company
akira,Community Property Management,2026-01-29,,Real Estate,Personal data (PII),Individuals (unspecified)
akira,Community Property Management,2026-01-29,,Real Estate,Employee / HR,Employees
akira,Community Property Management,2026-01-29,,Real Estate,Financial,Company
akira,Community Property Management,2026-01-29,,Real Estate,Customer data,Customers
akira,Community Property Management,2026-01-29,,Real Estate,Legal / contracts,Company
akira,Community Property Management,2026-01-29,,Real Estate,Corporate confidential,Company
akira,"Bantry Bespoke Joinery, Murnan e & O'Shea",2026-01-29,IE,Construction,Personal data (PII),Individuals (unspecified)
akira,"Bantry Bespoke Joinery, Murnan e & O'Shea",2026-01-29,IE,Construction,Employee / HR,Employees
akira,"Bantry Bespoke Joinery, Murnan e & O'Shea",2026-01-29,IE,Construction,Financial,Company
akira,"Bantry Bespoke Joinery, Murnan e & O'Shea",2026-01-29,IE,Construction,Legal / contracts,Company
akira,"Bantry Bespoke Joinery, Murnan e & O'Shea",2026-01-29,IE,Construction,Corporate confidential,Company
incransom,Callagy Law Firm,2026-01-27,US,Business Services,Personal data (PII),Individuals (unspecified)
incransom,Callagy Law Firm,2026-01-27,US,Business Services,Financial,Company
incransom,Callagy Law Firm,2026-01-27,US,Business Services,Customer data,Customers
incransom,Callagy Law Firm,2026-01-27,US,Business Services,Medical (PHI),Customers
incransom,Callagy Law Firm,2026-01-27,US,Business Services,Legal / contracts,Company
incransom,Callagy Law Firm,2026-01-27,US,Business Services,Corporate confidential,Company
play,F&B Mfg,2026-01-26,US,Transportation & Logistics,Personal data (PII),Individuals (unspecified)
play,F&B Mfg,2026-01-26,US,Transportation & Logistics,Employee / HR,Employees
play,F&B Mfg,2026-01-26,US,Transportation & Logistics,Financial,Company
play,F&B Mfg,2026-01-26,US,Transportation & Logistics,Customer data,Customers
play,F&B Mfg,2026-01-26,US,Transportation & Logistics,Corporate confidential,Company
play,Christine London,2026-01-26,US,Construction,Personal data (PII),Individuals (unspecified)
play,Christine London,2026-01-26,US,Construction,Employee / HR,Employees
play,Christine London,2026-01-26,US,Construction,Financial,Company
play,Christine London,2026-01-26,US,Construction,Customer data,Customers
play,Christine London,2026-01-26,US,Construction,Corporate confidential,Company
play,Aquatic Control,2026-01-26,US,Agriculture & Food,Personal data (PII),Individuals (unspecified)
play,Aquatic Control,2026-01-26,US,Agriculture & Food,Employee / HR,Employees
play,Aquatic Control,2026-01-26,US,Agriculture & Food,Financial,Company
play,Aquatic Control,2026-01-26,US,Agriculture & Food,Customer data,Customers
play,Aquatic Control,2026-01-26,US,Agriculture & Food,Corporate confidential,Company
play,ALLMAX,2026-01-26,CA,Unknown,Personal data (PII),Individuals (unspecified)
play,ALLMAX,2026-01-26,CA,Unknown,Employee / HR,Employees
play,ALLMAX,2026-01-26,CA,Unknown,Financial,Company
play,ALLMAX,2026-01-26,CA,Unknown,Customer data,Customers
play,ALLMAX,2026-01-26,CA,Unknown,Corporate confidential,Company
play,Encore Roofing,2026-01-23,US,Construction,Personal data (PII),Individuals (unspecified)
play,Encore Roofing,2026-01-23,US,Construction,Employee / HR,Employees
play,Encore Roofing,2026-01-23,US,Construction,Financial,Company
play,Encore Roofing,2026-01-23,US,Construction,Customer data,Customers
play,Encore Roofing,2026-01-23,US,Construction,Corporate confidential,Company
akira,"M&W Manufacturing, Mirbeau Ho spitality Services, Reuland El ectric Motor Co, Spector Group .",2026-01-23,,Manufacturing,Personal data (PII),Individuals (unspecified)
akira,"M&W Manufacturing, Mirbeau Ho spitality Services, Reuland El ectric Motor Co, Spector Group .",2026-01-23,,Manufacturing,Employee / HR,Employees
akira,"M&W Manufacturing, Mirbeau Ho spitality Services, Reuland El ectric Motor Co, Spector Group .",2026-01-23,,Manufacturing,Financial,Company
akira,"M&W Manufacturing, Mirbeau Ho spitality Services, Reuland El ectric Motor Co, Spector Group .",2026-01-23,,Manufacturing,Customer data,Customers
akira,"M&W Manufacturing, Mirbeau Ho spitality Services, Reuland El ectric Motor Co, Spector Group .",2026-01-23,,Manufacturing,Corporate confidential,Company
akira,IGI Global,2026-01-23,,Unknown,Personal data (PII),Individuals (unspecified)
akira,IGI Global,2026-01-23,,Unknown,Employee / HR,Employees
akira,IGI Global,2026-01-23,,Unknown,Financial,Company
akira,IGI Global,2026-01-23,,Unknown,Legal / contracts,Company
akira,IGI Global,2026-01-23,,Unknown,Corporate confidential,Company
akira,Aschwanden & Partner,2026-01-23,,Construction,Personal data (PII),Individuals (unspecified)
akira,Aschwanden & Partner,2026-01-23,,Construction,Employee / HR,Employees
akira,Aschwanden & Partner,2026-01-23,,Construction,Financial,Company
akira,Aschwanden & Partner,2026-01-23,,Construction,Intellectual property / technical,Company
akira,Aschwanden & Partner,2026-01-23,,Construction,Corporate confidential,Company
play,California Tax Data,2026-01-22,US,Business Services,Personal data (PII),Individuals (unspecified)
play,California Tax Data,2026-01-22,US,Business Services,Employee / HR,Employees
play,California Tax Data,2026-01-22,US,Business Services,Financial,Company
play,California Tax Data,2026-01-22,US,Business Services,Customer data,Customers
play,California Tax Data,2026-01-22,US,Business Services,Corporate confidential,Company
akira,Van Eycken,2026-01-22,,Unknown,Personal data (PII),Individuals (unspecified)
akira,Van Eycken,2026-01-22,,Unknown,Employee / HR,Employees
akira,Van Eycken,2026-01-22,,Unknown,Financial,Company
akira,Van Eycken,2026-01-22,,Unknown,Legal / contracts,Company
akira,Van Eycken,2026-01-22,,Unknown,Corporate confidential,Company
akira,Universal Builders Supply,2026-01-22,,Construction,Personal data (PII),Individuals (unspecified)
akira,Universal Builders Supply,2026-01-22,,Construction,Employee / HR,Employees
akira,Universal Builders Supply,2026-01-22,,Construction,Financial,Company
akira,Universal Builders Supply,2026-01-22,,Construction,Legal / contracts,Company
akira,Universal Builders Supply,2026-01-22,,Construction,Corporate confidential,Company
akira,Spiros Industries,2026-01-22,,Manufacturing,Personal data (PII),Individuals (unspecified)
akira,Spiros Industries,2026-01-22,,Manufacturing,Employee / HR,Employees
akira,Spiros Industries,2026-01-22,,Manufacturing,Financial,Company
akira,Spiros Industries,2026-01-22,,Manufacturing,Customer data,Customers
akira,Spiros Industries,2026-01-22,,Manufacturing,Legal / contracts,Company
akira,Spiros Industries,2026-01-22,,Manufacturing,Corporate confidential,Company
akira,Radial Engineering,2026-01-22,,Manufacturing,Employee / HR,Employees
akira,Radial Engineering,2026-01-22,,Manufacturing,Financial,Company
akira,Radial Engineering,2026-01-22,,Manufacturing,Customer data,Customers
akira,Radial Engineering,2026-01-22,,Manufacturing,Legal / contracts,Company
akira,Radial Engineering,2026-01-22,,Manufacturing,Corporate confidential,Company
akira,Ocean Fish,2026-01-22,RO,Retail & Consumer,Personal data (PII),Individuals (unspecified)
akira,Ocean Fish,2026-01-22,RO,Retail & Consumer,Employee / HR,Employees
akira,Ocean Fish,2026-01-22,RO,Retail & Consumer,Financial,Company
akira,Ocean Fish,2026-01-22,RO,Retail & Consumer,Corporate confidential,Company
play,Cemtech,2026-01-21,US,Retail & Consumer,Personal data (PII),Individuals (unspecified)
play,Cemtech,2026-01-21,US,Retail & Consumer,Employee / HR,Employees
play,Cemtech,2026-01-21,US,Retail & Consumer,Financial,Company
play,Cemtech,2026-01-21,US,Retail & Consumer,Customer data,Customers
play,Cemtech,2026-01-21,US,Retail & Consumer,Corporate confidential,Company
play,CE Electronics,2026-01-21,US,Manufacturing,Personal data (PII),Individuals (unspecified)
play,CE Electronics,2026-01-21,US,Manufacturing,Employee / HR,Employees
play,CE Electronics,2026-01-21,US,Manufacturing,Financial,Company
play,CE Electronics,2026-01-21,US,Manufacturing,Customer data,Customers
play,CE Electronics,2026-01-21,US,Manufacturing,Corporate confidential,Company
akira,Mettler Partner,2026-01-21,,Business Services,Personal data (PII),Individuals (unspecified)
akira,Mettler Partner,2026-01-21,,Business Services,Employee / HR,Employees
akira,Mettler Partner,2026-01-21,,Business Services,Corporate confidential,Company
akira,Clipper Petroleum,2026-01-21,GE,Retail & Consumer,Personal data (PII),Individuals (unspecified)
akira,Clipper Petroleum,2026-01-21,GE,Retail & Consumer,Employee / HR,Employees
akira,Clipper Petroleum,2026-01-21,GE,Retail & Consumer,Financial,Company
akira,Clipper Petroleum,2026-01-21,GE,Retail & Consumer,Customer data,Customers
akira,Clipper Petroleum,2026-01-21,GE,Retail & Consumer,Legal / contracts,Company
akira,Clipper Petroleum,2026-01-21,GE,Retail & Consumer,Corporate confidential,Company
play,Eastern Ice,2026-01-20,US,Retail & Consumer,Personal data (PII),Individuals (unspecified)
play,Eastern Ice,2026-01-20,US,Retail & Consumer,Employee / HR,Employees
play,Eastern Ice,2026-01-20,US,Retail & Consumer,Financial,Company
play,Eastern Ice,2026-01-20,US,Retail & Consumer,Customer data,Customers
play,Eastern Ice,2026-01-20,US,Retail & Consumer,Corporate confidential,Company
akira,MicroPrecision,2026-01-16,,Energy & Utilities,Employee / HR,Employees
akira,MicroPrecision,2026-01-16,,Energy & Utilities,Customer data,Customers
akira,MicroPrecision,2026-01-16,,Energy & Utilities,Corporate confidential,Company
akira,Industrial Rivet & Fastener Co mpany,2026-01-16,,Manufacturing,Personal data (PII),Individuals (unspecified)
akira,Industrial Rivet & Fastener Co mpany,2026-01-16,,Manufacturing,Employee / HR,Employees
akira,Industrial Rivet & Fastener Co mpany,2026-01-16,,Manufacturing,Financial,Company
akira,Industrial Rivet & Fastener Co mpany,2026-01-16,,Manufacturing,Customer data,Customers
akira,Industrial Rivet & Fastener Co mpany,2026-01-16,,Manufacturing,Legal / contracts,Company
akira,Industrial Rivet & Fastener Co mpany,2026-01-16,,Manufacturing,Corporate confidential,Company
akira,Commenco,2026-01-16,,Manufacturing,Personal data (PII),Individuals (unspecified)
akira,Commenco,2026-01-16,,Manufacturing,Financial,Company
akira,Commenco,2026-01-16,,Manufacturing,Customer data,Customers
akira,Commenco,2026-01-16,,Manufacturing,Legal / contracts,Company
akira,Commenco,2026-01-16,,Manufacturing,Corporate confidential,Company
incransom,https://trustarholdingsllc.com/ https://vistlabs.com/,2026-01-15,US,Financial Services,Financial,Company
incransom,https://trustarholdingsllc.com/ https://vistlabs.com/,2026-01-15,US,Financial Services,Intellectual property / technical,Company
incransom,https://trustarholdingsllc.com/ https://vistlabs.com/,2026-01-15,US,Financial Services,Corporate confidential,Company
akira,TruGolf,2026-01-14,,Hospitality & Leisure,Personal data (PII),Individuals (unspecified)
akira,TruGolf,2026-01-14,,Hospitality & Leisure,Employee / HR,Employees
akira,TruGolf,2026-01-14,,Hospitality & Leisure,Financial,Company
akira,TruGolf,2026-01-14,,Hospitality & Leisure,Customer data,Customers
akira,TruGolf,2026-01-14,,Hospitality & Leisure,Legal / contracts,Company
akira,TruGolf,2026-01-14,,Hospitality & Leisure,Corporate confidential,Company
akira,Rebars & Mesh,2026-01-14,GB,Manufacturing,Personal data (PII),Individuals (unspecified)
akira,Rebars & Mesh,2026-01-14,GB,Manufacturing,Employee / HR,Employees
akira,Rebars & Mesh,2026-01-14,GB,Manufacturing,Financial,Company
akira,Rebars & Mesh,2026-01-14,GB,Manufacturing,Customer data,Customers
akira,Rebars & Mesh,2026-01-14,GB,Manufacturing,Legal / contracts,Company
akira,Rebars & Mesh,2026-01-14,GB,Manufacturing,Intellectual property / technical,Company
akira,Rebars & Mesh,2026-01-14,GB,Manufacturing,Corporate confidential,Company
akira,ImageWorks Display,2026-01-14,,Business Services,Personal data (PII),Individuals (unspecified)
akira,ImageWorks Display,2026-01-14,,Business Services,Employee / HR,Employees
akira,ImageWorks Display,2026-01-14,,Business Services,Financial,Company
akira,ImageWorks Display,2026-01-14,,Business Services,Customer data,Customers
akira,ImageWorks Display,2026-01-14,,Business Services,Legal / contracts,Company
akira,ImageWorks Display,2026-01-14,,Business Services,Corporate confidential,Company
akira,H2 Builders,2026-01-14,,Construction,Financial,Company
akira,H2 Builders,2026-01-14,,Construction,Customer data,Customers
akira,H2 Builders,2026-01-14,,Construction,Legal / contracts,Company
akira,H2 Builders,2026-01-14,,Construction,Corporate confidential,Company
akira,Fechner Pump & Supply,2026-01-14,,Energy & Utilities,Personal data (PII),Individuals (unspecified)
akira,Fechner Pump & Supply,2026-01-14,,Energy & Utilities,Employee / HR,Employees
akira,Fechner Pump & Supply,2026-01-14,,Energy & Utilities,Financial,Company
akira,Fechner Pump & Supply,2026-01-14,,Energy & Utilities,Customer data,Customers
akira,Fechner Pump & Supply,2026-01-14,,Energy & Utilities,Legal / contracts,Company
akira,Fechner Pump & Supply,2026-01-14,,Energy & Utilities,Corporate confidential,Company
akira,Itasca Consulting Group,2026-01-13,,Business Services,Personal data (PII),Individuals (unspecified)
akira,Itasca Consulting Group,2026-01-13,,Business Services,Employee / HR,Employees
akira,Itasca Consulting Group,2026-01-13,,Business Services,Financial,Company
akira,Itasca Consulting Group,2026-01-13,,Business Services,Customer data,Customers
akira,Itasca Consulting Group,2026-01-13,,Business Services,Legal / contracts,Company
akira,Itasca Consulting Group,2026-01-13,,Business Services,Corporate confidential,Company
akira,Bulk Handling Systems Companie s,2026-01-13,,Manufacturing,Personal data (PII),Individuals (unspecified)
akira,Bulk Handling Systems Companie s,2026-01-13,,Manufacturing,Employee / HR,Employees
akira,Bulk Handling Systems Companie s,2026-01-13,,Manufacturing,Financial,Company
akira,Bulk Handling Systems Companie s,2026-01-13,,Manufacturing,Customer data,Customers
akira,Bulk Handling Systems Companie s,2026-01-13,,Manufacturing,Legal / contracts,Company
akira,Bulk Handling Systems Companie s,2026-01-13,,Manufacturing,Corporate confidential,Company
akira,The Outdoor Recreation Group,2026-01-12,,Unknown,Financial,Company
akira,The Outdoor Recreation Group,2026-01-12,,Unknown,Legal / contracts,Company
akira,The Outdoor Recreation Group,2026-01-12,,Unknown,Corporate confidential,Company
akira,Syrstone,2026-01-12,,Construction,Personal data (PII),Individuals (unspecified)
akira,Syrstone,2026-01-12,,Construction,Employee / HR,Employees
akira,Syrstone,2026-01-12,,Construction,Financial,Company
akira,Syrstone,2026-01-12,,Construction,Customer data,Customers
akira,Syrstone,2026-01-12,,Construction,Legal / contracts,Company
akira,Syrstone,2026-01-12,,Construction,Corporate confidential,Company
akira,Depth,2026-01-12,,Technology,Personal data (PII),Individuals (unspecified)
akira,Depth,2026-01-12,,Technology,Employee / HR,Employees
akira,Depth,2026-01-12,,Technology,Financial,Company
akira,Depth,2026-01-12,,Technology,Corporate confidential,Company
akira,CSS Services,2026-01-12,US,Technology,Personal data (PII),Individuals (unspecified)
akira,CSS Services,2026-01-12,US,Technology,Employee / HR,Employees
akira,CSS Services,2026-01-12,US,Technology,Financial,Company
akira,CSS Services,2026-01-12,US,Technology,Customer data,Customers
akira,CSS Services,2026-01-12,US,Technology,Corporate confidential,Company
akira,Brockhaus,2026-01-12,,Technology,Financial,Company
akira,Brockhaus,2026-01-12,,Technology,Customer data,Customers
akira,Brockhaus,2026-01-12,,Technology,Legal / contracts,Company
akira,Brockhaus,2026-01-12,,Technology,Intellectual property / technical,Company
akira,Brockhaus,2026-01-12,,Technology,Corporate confidential,Company
play,Launie & Marino,2026-01-10,US,Business Services,Personal data (PII),Individuals (unspecified)
play,Launie & Marino,2026-01-10,US,Business Services,Employee / HR,Employees
play,Launie & Marino,2026-01-10,US,Business Services,Financial,Company
play,Launie & Marino,2026-01-10,US,Business Services,Customer data,Customers
play,Launie & Marino,2026-01-10,US,Business Services,Corporate confidential,Company
play,Denny's 5th Avenue Bakery,2026-01-10,US,Agriculture & Food,Personal data (PII),Individuals (unspecified)
play,Denny's 5th Avenue Bakery,2026-01-10,US,Agriculture & Food,Employee / HR,Employees
play,Denny's 5th Avenue Bakery,2026-01-10,US,Agriculture & Food,Financial,Company
play,Denny's 5th Avenue Bakery,2026-01-10,US,Agriculture & Food,Customer data,Customers
play,Denny's 5th Avenue Bakery,2026-01-10,US,Agriculture & Food,Corporate confidential,Company
akira,Triple Eight Transport,2026-01-09,,Transportation & Logistics,Personal data (PII),Individuals (unspecified)
akira,Triple Eight Transport,2026-01-09,,Transportation & Logistics,Employee / HR,Employees
akira,Triple Eight Transport,2026-01-09,,Transportation & Logistics,Financial,Company
akira,Triple Eight Transport,2026-01-09,,Transportation & Logistics,Customer data,Customers
akira,Triple Eight Transport,2026-01-09,,Transportation & Logistics,Legal / contracts,Company
akira,Triple Eight Transport,2026-01-09,,Transportation & Logistics,Corporate confidential,Company
akira,"Swavelle Group, Wearbest Sil-T ex Mills",2026-01-09,JE,Manufacturing,Personal data (PII),Individuals (unspecified)
akira,"Swavelle Group, Wearbest Sil-T ex Mills",2026-01-09,JE,Manufacturing,Employee / HR,Employees
akira,"Swavelle Group, Wearbest Sil-T ex Mills",2026-01-09,JE,Manufacturing,Customer data,Customers
akira,"Swavelle Group, Wearbest Sil-T ex Mills",2026-01-09,JE,Manufacturing,Legal / contracts,Company
akira,"Swavelle Group, Wearbest Sil-T ex Mills",2026-01-09,JE,Manufacturing,Corporate confidential,Company
akira,McCraw Oil,2026-01-09,,Energy & Utilities,Employee / HR,Employees
akira,McCraw Oil,2026-01-09,,Energy & Utilities,Customer data,Customers
akira,McCraw Oil,2026-01-09,,Energy & Utilities,Legal / contracts,Company
akira,McCraw Oil,2026-01-09,,Energy & Utilities,Intellectual property / technical,Company
akira,McCraw Oil,2026-01-09,,Energy & Utilities,Corporate confidential,Company
akira,Udall Law Firm,2026-01-08,,Business Services,Personal data (PII),Individuals (unspecified)
akira,Udall Law Firm,2026-01-08,,Business Services,Financial,Company
akira,Udall Law Firm,2026-01-08,,Business Services,Customer data,Customers
akira,Udall Law Firm,2026-01-08,,Business Services,Legal / contracts,Company
akira,Udall Law Firm,2026-01-08,,Business Services,Corporate confidential,Company
akira,Morton Buildings,2026-01-08,,Agriculture & Food,Employee / HR,Employees
akira,Morton Buildings,2026-01-08,,Agriculture & Food,Legal / contracts,Company
akira,Morton Buildings,2026-01-08,,Agriculture & Food,Intellectual property / technical,Company
akira,Morton Buildings,2026-01-08,,Agriculture & Food,Corporate confidential,Company
akira,Gordon Companies,2026-01-08,,Retail & Consumer,Personal data (PII),Individuals (unspecified)
akira,Gordon Companies,2026-01-08,,Retail & Consumer,Employee / HR,Employees
akira,Gordon Companies,2026-01-08,,Retail & Consumer,Financial,Company
akira,Gordon Companies,2026-01-08,,Retail & Consumer,Customer data,Customers
akira,Gordon Companies,2026-01-08,,Retail & Consumer,Legal / contracts,Company
akira,Gordon Companies,2026-01-08,,Retail & Consumer,Corporate confidential,Company
akira,RJS,2026-01-07,,Manufacturing,Personal data (PII),Individuals (unspecified)
akira,RJS,2026-01-07,,Manufacturing,Employee / HR,Employees
akira,RJS,2026-01-07,,Manufacturing,Financial,Company
akira,RJS,2026-01-07,,Manufacturing,Legal / contracts,Company
akira,RJS,2026-01-07,,Manufacturing,Corporate confidential,Company
akira,Labeltex Group,2026-01-07,,Manufacturing,Financial,Company
akira,Labeltex Group,2026-01-07,,Manufacturing,Legal / contracts,Company
akira,Labeltex Group,2026-01-07,,Manufacturing,Corporate confidential,Company
akira,BUHLMANN GROUP,2026-01-07,,Manufacturing,Personal data (PII),Individuals (unspecified)
akira,BUHLMANN GROUP,2026-01-07,,Manufacturing,Employee / HR,Employees
akira,BUHLMANN GROUP,2026-01-07,,Manufacturing,Financial,Company
akira,BUHLMANN GROUP,2026-01-07,,Manufacturing,Customer data,Customers
akira,BUHLMANN GROUP,2026-01-07,,Manufacturing,Legal / contracts,Company
akira,BUHLMANN GROUP,2026-01-07,,Manufacturing,Intellectual property / technical,Company
akira,BUHLMANN GROUP,2026-01-07,,Manufacturing,Corporate confidential,Company
play,Due Doyle Fanning,2026-01-06,US,Business Services,Personal data (PII),Individuals (unspecified)
play,Due Doyle Fanning,2026-01-06,US,Business Services,Employee / HR,Employees
play,Due Doyle Fanning,2026-01-06,US,Business Services,Financial,Company
play,Due Doyle Fanning,2026-01-06,US,Business Services,Customer data,Customers
play,Due Doyle Fanning,2026-01-06,US,Business Services,Corporate confidential,Company
play,Autohaus Pichel GmbH,2026-01-06,DE,Manufacturing,Personal data (PII),Individuals (unspecified)
play,Autohaus Pichel GmbH,2026-01-06,DE,Manufacturing,Employee / HR,Employees
play,Autohaus Pichel GmbH,2026-01-06,DE,Manufacturing,Financial,Company
play,Autohaus Pichel GmbH,2026-01-06,DE,Manufacturing,Customer data,Customers
play,Autohaus Pichel GmbH,2026-01-06,DE,Manufacturing,Corporate confidential,Company
akira,LG Energy Solution,2026-01-06,,Energy & Utilities,Personal data (PII),Individuals (unspecified)
akira,LG Energy Solution,2026-01-06,,Energy & Utilities,Employee / HR,Employees
akira,LG Energy Solution,2026-01-06,,Energy & Utilities,Financial,Company
akira,LG Energy Solution,2026-01-06,,Energy & Utilities,Customer data,Customers
akira,LG Energy Solution,2026-01-06,,Energy & Utilities,Legal / contracts,Company
akira,LG Energy Solution,2026-01-06,,Energy & Utilities,Credentials / IT,Company
akira,LG Energy Solution,2026-01-06,,Energy & Utilities,Corporate confidential,Company
akira,The Lewis Bear,2026-01-05,,Retail & Consumer,Personal data (PII),Individuals (unspecified)
akira,The Lewis Bear,2026-01-05,,Retail & Consumer,Employee / HR,Employees
akira,The Lewis Bear,2026-01-05,,Retail & Consumer,Financial,Company
akira,The Lewis Bear,2026-01-05,,Retail & Consumer,Customer data,Customers
akira,The Lewis Bear,2026-01-05,,Retail & Consumer,Legal / contracts,Company
akira,The Lewis Bear,2026-01-05,,Retail & Consumer,Corporate confidential,Company
akira,Purcell Architects,2026-01-05,,Construction,Employee / HR,Employees
akira,Purcell Architects,2026-01-05,,Construction,Financial,Company
akira,Purcell Architects,2026-01-05,,Construction,Customer data,Customers
akira,Purcell Architects,2026-01-05,,Construction,Legal / contracts,Company
akira,Purcell Architects,2026-01-05,,Construction,Corporate confidential,Company
akira,Posillico,2026-01-05,,Construction,Personal data (PII),Individuals (unspecified)
akira,Posillico,2026-01-05,,Construction,Employee / HR,Employees
akira,Posillico,2026-01-05,,Construction,Financial,Company
akira,Posillico,2026-01-05,,Construction,Legal / contracts,Company
akira,Posillico,2026-01-05,,Construction,Credentials / IT,Company
akira,Posillico,2026-01-05,,Construction,Corporate confidential,Company
akira,KSL Ingenieure,2026-01-05,,Business Services,Personal data (PII),Individuals (unspecified)
akira,KSL Ingenieure,2026-01-05,,Business Services,Employee / HR,Employees
akira,KSL Ingenieure,2026-01-05,,Business Services,Financial,Company
akira,KSL Ingenieure,2026-01-05,,Business Services,Customer data,Customers
akira,KSL Ingenieure,2026-01-05,,Business Services,Legal / contracts,Company
akira,KSL Ingenieure,2026-01-05,,Business Services,Corporate confidential,Company
akira,Gebrüder Bagusat GmbH & Co. KG,2026-01-05,,Agriculture & Food,Financial,Company
akira,Gebrüder Bagusat GmbH & Co. KG,2026-01-05,,Agriculture & Food,Customer data,Customers
akira,Gebrüder Bagusat GmbH & Co. KG,2026-01-05,,Agriculture & Food,Legal / contracts,Company
akira,Gebrüder Bagusat GmbH & Co. KG,2026-01-05,,Agriculture & Food,Corporate confidential,Company
play,Lakeside Title Company,2026-01-02,US,Financial Services,Personal data (PII),Individuals (unspecified)
play,Lakeside Title Company,2026-01-02,US,Financial Services,Employee / HR,Employees
play,Lakeside Title Company,2026-01-02,US,Financial Services,Financial,Company
play,Lakeside Title Company,2026-01-02,US,Financial Services,Customer data,Customers
play,Lakeside Title Company,2026-01-02,US,Financial Services,Corporate confidential,Company
play,Benise-Dowling & Associates,2026-01-02,US,Unknown,Personal data (PII),Individuals (unspecified)
play,Benise-Dowling & Associates,2026-01-02,US,Unknown,Employee / HR,Employees
play,Benise-Dowling & Associates,2026-01-02,US,Unknown,Financial,Company
play,Benise-Dowling & Associates,2026-01-02,US,Unknown,Customer data,Customers
play,Benise-Dowling & Associates,2026-01-02,US,Unknown,Corporate confidential,Company
